--
-- PostgreSQL database dump
--

-- Dumped from database version 13.2 (Debian 13.2-1.pgdg100+1)
-- Dumped by pg_dump version 13.2

-- Started on 2022-03-12 17:00:37

SET statement_timeout = 0;
SET lock_timeout = 0;
SET idle_in_transaction_session_timeout = 0;
SET client_encoding = 'UTF8';
SET standard_conforming_strings = on;
SELECT pg_catalog.set_config('search_path', '', false);
SET check_function_bodies = false;
SET xmloption = content;
SET client_min_messages = warning;
SET row_security = off;

--
-- TOC entry 3 (class 2615 OID 2200)
-- Name: public; Type: SCHEMA; Schema: -; Owner: postgres
--

CREATE SCHEMA public;


ALTER SCHEMA public OWNER TO postgres;

--
-- TOC entry 3079 (class 0 OID 0)
-- Dependencies: 3
-- Name: SCHEMA public; Type: COMMENT; Schema: -; Owner: postgres
--

COMMENT ON SCHEMA public IS 'standard public schema';


SET default_tablespace = '';

SET default_table_access_method = heap;

--
-- TOC entry 217 (class 1259 OID 24955)
-- Name: company; Type: TABLE; Schema: public; Owner: postgres
--

CREATE TABLE public.company (
    id bigint NOT NULL,
    name character varying(255) NOT NULL
);


ALTER TABLE public.company OWNER TO postgres;

--
-- TOC entry 216 (class 1259 OID 24953)
-- Name: company_id_seq; Type: SEQUENCE; Schema: public; Owner: postgres
--

CREATE SEQUENCE public.company_id_seq
    START WITH 1
    INCREMENT BY 1
    NO MINVALUE
    NO MAXVALUE
    CACHE 1;


ALTER TABLE public.company_id_seq OWNER TO postgres;

--
-- TOC entry 3080 (class 0 OID 0)
-- Dependencies: 216
-- Name: company_id_seq; Type: SEQUENCE OWNED BY; Schema: public; Owner: postgres
--

ALTER SEQUENCE public.company_id_seq OWNED BY public.company.id;


--
-- TOC entry 209 (class 1259 OID 24921)
-- Name: contract; Type: TABLE; Schema: public; Owner: postgres
--

CREATE TABLE public.contract (
    id bigint NOT NULL,
    type character varying(255) NOT NULL
);


ALTER TABLE public.contract OWNER TO postgres;

--
-- TOC entry 208 (class 1259 OID 24919)
-- Name: contract_id_seq; Type: SEQUENCE; Schema: public; Owner: postgres
--

CREATE SEQUENCE public.contract_id_seq
    START WITH 1
    INCREMENT BY 1
    NO MINVALUE
    NO MAXVALUE
    CACHE 1;


ALTER TABLE public.contract_id_seq OWNER TO postgres;

--
-- TOC entry 3081 (class 0 OID 0)
-- Dependencies: 208
-- Name: contract_id_seq; Type: SEQUENCE OWNED BY; Schema: public; Owner: postgres
--

ALTER SEQUENCE public.contract_id_seq OWNED BY public.contract.id;


--
-- TOC entry 219 (class 1259 OID 24963)
-- Name: job; Type: TABLE; Schema: public; Owner: postgres
--

CREATE TABLE public.job (
    id bigint NOT NULL,
    company_id bigint NOT NULL,
    logo text NOT NULL,
    new boolean NOT NULL,
    featured boolean NOT NULL,
    position_id bigint NOT NULL,
    role_id bigint NOT NULL,
    level_id bigint NOT NULL,
    posted_at timestamp(0) without time zone NOT NULL,
    contract_id bigint NOT NULL,
    location_id bigint NOT NULL
);


ALTER TABLE public.job OWNER TO postgres;

--
-- TOC entry 218 (class 1259 OID 24961)
-- Name: job_id_seq; Type: SEQUENCE; Schema: public; Owner: postgres
--

CREATE SEQUENCE public.job_id_seq
    START WITH 1
    INCREMENT BY 1
    NO MINVALUE
    NO MAXVALUE
    CACHE 1;


ALTER TABLE public.job_id_seq OWNER TO postgres;

--
-- TOC entry 3082 (class 0 OID 0)
-- Dependencies: 218
-- Name: job_id_seq; Type: SEQUENCE OWNED BY; Schema: public; Owner: postgres
--

ALTER SEQUENCE public.job_id_seq OWNED BY public.job.id;


--
-- TOC entry 221 (class 1259 OID 25006)
-- Name: job_language; Type: TABLE; Schema: public; Owner: postgres
--

CREATE TABLE public.job_language (
    id bigint NOT NULL,
    job_id bigint NOT NULL,
    language_id bigint NOT NULL
);


ALTER TABLE public.job_language OWNER TO postgres;

--
-- TOC entry 220 (class 1259 OID 25004)
-- Name: job_language_id_seq; Type: SEQUENCE; Schema: public; Owner: postgres
--

CREATE SEQUENCE public.job_language_id_seq
    START WITH 1
    INCREMENT BY 1
    NO MINVALUE
    NO MAXVALUE
    CACHE 1;


ALTER TABLE public.job_language_id_seq OWNER TO postgres;

--
-- TOC entry 3083 (class 0 OID 0)
-- Dependencies: 220
-- Name: job_language_id_seq; Type: SEQUENCE OWNED BY; Schema: public; Owner: postgres
--

ALTER SEQUENCE public.job_language_id_seq OWNED BY public.job_language.id;


--
-- TOC entry 223 (class 1259 OID 25024)
-- Name: job_tool; Type: TABLE; Schema: public; Owner: postgres
--

CREATE TABLE public.job_tool (
    id bigint NOT NULL,
    job_id bigint NOT NULL,
    tool_id bigint NOT NULL
);


ALTER TABLE public.job_tool OWNER TO postgres;

--
-- TOC entry 222 (class 1259 OID 25022)
-- Name: job_tool_id_seq; Type: SEQUENCE; Schema: public; Owner: postgres
--

CREATE SEQUENCE public.job_tool_id_seq
    START WITH 1
    INCREMENT BY 1
    NO MINVALUE
    NO MAXVALUE
    CACHE 1;


ALTER TABLE public.job_tool_id_seq OWNER TO postgres;

--
-- TOC entry 3084 (class 0 OID 0)
-- Dependencies: 222
-- Name: job_tool_id_seq; Type: SEQUENCE OWNED BY; Schema: public; Owner: postgres
--

ALTER SEQUENCE public.job_tool_id_seq OWNED BY public.job_tool.id;


--
-- TOC entry 203 (class 1259 OID 24897)
-- Name: language; Type: TABLE; Schema: public; Owner: postgres
--

CREATE TABLE public.language (
    id bigint NOT NULL,
    name character varying(255) NOT NULL
);


ALTER TABLE public.language OWNER TO postgres;

--
-- TOC entry 202 (class 1259 OID 24895)
-- Name: language_id_seq; Type: SEQUENCE; Schema: public; Owner: postgres
--

CREATE SEQUENCE public.language_id_seq
    START WITH 1
    INCREMENT BY 1
    NO MINVALUE
    NO MAXVALUE
    CACHE 1;


ALTER TABLE public.language_id_seq OWNER TO postgres;

--
-- TOC entry 3085 (class 0 OID 0)
-- Dependencies: 202
-- Name: language_id_seq; Type: SEQUENCE OWNED BY; Schema: public; Owner: postgres
--

ALTER SEQUENCE public.language_id_seq OWNED BY public.language.id;


--
-- TOC entry 211 (class 1259 OID 24929)
-- Name: level; Type: TABLE; Schema: public; Owner: postgres
--

CREATE TABLE public.level (
    id bigint NOT NULL,
    name character varying(255) NOT NULL
);


ALTER TABLE public.level OWNER TO postgres;

--
-- TOC entry 210 (class 1259 OID 24927)
-- Name: level_id_seq; Type: SEQUENCE; Schema: public; Owner: postgres
--

CREATE SEQUENCE public.level_id_seq
    START WITH 1
    INCREMENT BY 1
    NO MINVALUE
    NO MAXVALUE
    CACHE 1;


ALTER TABLE public.level_id_seq OWNER TO postgres;

--
-- TOC entry 3086 (class 0 OID 0)
-- Dependencies: 210
-- Name: level_id_seq; Type: SEQUENCE OWNED BY; Schema: public; Owner: postgres
--

ALTER SEQUENCE public.level_id_seq OWNED BY public.level.id;


--
-- TOC entry 207 (class 1259 OID 24913)
-- Name: location; Type: TABLE; Schema: public; Owner: postgres
--

CREATE TABLE public.location (
    id bigint NOT NULL,
    name character varying(255) NOT NULL
);


ALTER TABLE public.location OWNER TO postgres;

--
-- TOC entry 206 (class 1259 OID 24911)
-- Name: location_id_seq; Type: SEQUENCE; Schema: public; Owner: postgres
--

CREATE SEQUENCE public.location_id_seq
    START WITH 1
    INCREMENT BY 1
    NO MINVALUE
    NO MAXVALUE
    CACHE 1;


ALTER TABLE public.location_id_seq OWNER TO postgres;

--
-- TOC entry 3087 (class 0 OID 0)
-- Dependencies: 206
-- Name: location_id_seq; Type: SEQUENCE OWNED BY; Schema: public; Owner: postgres
--

ALTER SEQUENCE public.location_id_seq OWNED BY public.location.id;


--
-- TOC entry 201 (class 1259 OID 24578)
-- Name: migrations; Type: TABLE; Schema: public; Owner: postgres
--

CREATE TABLE public.migrations (
    id integer NOT NULL,
    migration character varying(255) NOT NULL,
    batch integer NOT NULL
);


ALTER TABLE public.migrations OWNER TO postgres;

--
-- TOC entry 200 (class 1259 OID 24576)
-- Name: migrations_id_seq; Type: SEQUENCE; Schema: public; Owner: postgres
--

CREATE SEQUENCE public.migrations_id_seq
    AS integer
    START WITH 1
    INCREMENT BY 1
    NO MINVALUE
    NO MAXVALUE
    CACHE 1;


ALTER TABLE public.migrations_id_seq OWNER TO postgres;

--
-- TOC entry 3088 (class 0 OID 0)
-- Dependencies: 200
-- Name: migrations_id_seq; Type: SEQUENCE OWNED BY; Schema: public; Owner: postgres
--

ALTER SEQUENCE public.migrations_id_seq OWNED BY public.migrations.id;


--
-- TOC entry 213 (class 1259 OID 24938)
-- Name: position; Type: TABLE; Schema: public; Owner: postgres
--

CREATE TABLE public."position" (
    id bigint NOT NULL,
    name character varying(255) NOT NULL
);


ALTER TABLE public."position" OWNER TO postgres;

--
-- TOC entry 212 (class 1259 OID 24936)
-- Name: position_id_seq; Type: SEQUENCE; Schema: public; Owner: postgres
--

CREATE SEQUENCE public.position_id_seq
    START WITH 1
    INCREMENT BY 1
    NO MINVALUE
    NO MAXVALUE
    CACHE 1;


ALTER TABLE public.position_id_seq OWNER TO postgres;

--
-- TOC entry 3089 (class 0 OID 0)
-- Dependencies: 212
-- Name: position_id_seq; Type: SEQUENCE OWNED BY; Schema: public; Owner: postgres
--

ALTER SEQUENCE public.position_id_seq OWNED BY public."position".id;


--
-- TOC entry 215 (class 1259 OID 24946)
-- Name: role; Type: TABLE; Schema: public; Owner: postgres
--

CREATE TABLE public.role (
    id bigint NOT NULL,
    name character varying(255) NOT NULL
);


ALTER TABLE public.role OWNER TO postgres;

--
-- TOC entry 214 (class 1259 OID 24944)
-- Name: role_id_seq; Type: SEQUENCE; Schema: public; Owner: postgres
--

CREATE SEQUENCE public.role_id_seq
    START WITH 1
    INCREMENT BY 1
    NO MINVALUE
    NO MAXVALUE
    CACHE 1;


ALTER TABLE public.role_id_seq OWNER TO postgres;

--
-- TOC entry 3090 (class 0 OID 0)
-- Dependencies: 214
-- Name: role_id_seq; Type: SEQUENCE OWNED BY; Schema: public; Owner: postgres
--

ALTER SEQUENCE public.role_id_seq OWNED BY public.role.id;


--
-- TOC entry 205 (class 1259 OID 24905)
-- Name: tool; Type: TABLE; Schema: public; Owner: postgres
--

CREATE TABLE public.tool (
    id bigint NOT NULL,
    name character varying(255) NOT NULL
);


ALTER TABLE public.tool OWNER TO postgres;

--
-- TOC entry 204 (class 1259 OID 24903)
-- Name: tool_id_seq; Type: SEQUENCE; Schema: public; Owner: postgres
--

CREATE SEQUENCE public.tool_id_seq
    START WITH 1
    INCREMENT BY 1
    NO MINVALUE
    NO MAXVALUE
    CACHE 1;


ALTER TABLE public.tool_id_seq OWNER TO postgres;

--
-- TOC entry 3091 (class 0 OID 0)
-- Dependencies: 204
-- Name: tool_id_seq; Type: SEQUENCE OWNED BY; Schema: public; Owner: postgres
--

ALTER SEQUENCE public.tool_id_seq OWNED BY public.tool.id;


--
-- TOC entry 2878 (class 2604 OID 24958)
-- Name: company id; Type: DEFAULT; Schema: public; Owner: postgres
--

ALTER TABLE ONLY public.company ALTER COLUMN id SET DEFAULT nextval('public.company_id_seq'::regclass);


--
-- TOC entry 2874 (class 2604 OID 24924)
-- Name: contract id; Type: DEFAULT; Schema: public; Owner: postgres
--

ALTER TABLE ONLY public.contract ALTER COLUMN id SET DEFAULT nextval('public.contract_id_seq'::regclass);


--
-- TOC entry 2879 (class 2604 OID 24966)
-- Name: job id; Type: DEFAULT; Schema: public; Owner: postgres
--

ALTER TABLE ONLY public.job ALTER COLUMN id SET DEFAULT nextval('public.job_id_seq'::regclass);


--
-- TOC entry 2880 (class 2604 OID 25009)
-- Name: job_language id; Type: DEFAULT; Schema: public; Owner: postgres
--

ALTER TABLE ONLY public.job_language ALTER COLUMN id SET DEFAULT nextval('public.job_language_id_seq'::regclass);


--
-- TOC entry 2881 (class 2604 OID 25027)
-- Name: job_tool id; Type: DEFAULT; Schema: public; Owner: postgres
--

ALTER TABLE ONLY public.job_tool ALTER COLUMN id SET DEFAULT nextval('public.job_tool_id_seq'::regclass);


--
-- TOC entry 2871 (class 2604 OID 24900)
-- Name: language id; Type: DEFAULT; Schema: public; Owner: postgres
--

ALTER TABLE ONLY public.language ALTER COLUMN id SET DEFAULT nextval('public.language_id_seq'::regclass);


--
-- TOC entry 2875 (class 2604 OID 24932)
-- Name: level id; Type: DEFAULT; Schema: public; Owner: postgres
--

ALTER TABLE ONLY public.level ALTER COLUMN id SET DEFAULT nextval('public.level_id_seq'::regclass);


--
-- TOC entry 2873 (class 2604 OID 24916)
-- Name: location id; Type: DEFAULT; Schema: public; Owner: postgres
--

ALTER TABLE ONLY public.location ALTER COLUMN id SET DEFAULT nextval('public.location_id_seq'::regclass);


--
-- TOC entry 2870 (class 2604 OID 24581)
-- Name: migrations id; Type: DEFAULT; Schema: public; Owner: postgres
--

ALTER TABLE ONLY public.migrations ALTER COLUMN id SET DEFAULT nextval('public.migrations_id_seq'::regclass);


--
-- TOC entry 2876 (class 2604 OID 24941)
-- Name: position id; Type: DEFAULT; Schema: public; Owner: postgres
--

ALTER TABLE ONLY public."position" ALTER COLUMN id SET DEFAULT nextval('public.position_id_seq'::regclass);


--
-- TOC entry 2877 (class 2604 OID 24949)
-- Name: role id; Type: DEFAULT; Schema: public; Owner: postgres
--

ALTER TABLE ONLY public.role ALTER COLUMN id SET DEFAULT nextval('public.role_id_seq'::regclass);


--
-- TOC entry 2872 (class 2604 OID 24908)
-- Name: tool id; Type: DEFAULT; Schema: public; Owner: postgres
--

ALTER TABLE ONLY public.tool ALTER COLUMN id SET DEFAULT nextval('public.tool_id_seq'::regclass);


--
-- TOC entry 3067 (class 0 OID 24955)
-- Dependencies: 217
-- Data for Name: company; Type: TABLE DATA; Schema: public; Owner: postgres
--

COPY public.company (id, name) FROM stdin;
1	Photosnap
2	Manage
3	Account
4	MyHome
5	Loop Studios
6	Shortly
7	Insure
\.


--
-- TOC entry 3059 (class 0 OID 24921)
-- Dependencies: 209
-- Data for Name: contract; Type: TABLE DATA; Schema: public; Owner: postgres
--

COPY public.contract (id, type) FROM stdin;
1	Full Time
2	Part Time
3	Contract
\.


--
-- TOC entry 3069 (class 0 OID 24963)
-- Dependencies: 219
-- Data for Name: job; Type: TABLE DATA; Schema: public; Owner: postgres
--

COPY public.job (id, company_id, logo, new, featured, position_id, role_id, level_id, posted_at, contract_id, location_id) FROM stdin;
1	1	PHN2ZyB4bWxucz0iaHR0cDovL3d3dy53My5vcmcvMjAwMC9zdmciIHhtbG5zOnhsaW5rPSJodHRwOi8vd3d3LnczLm9yZy8xOTk5L3hsaW5rIiB3aWR0aD0iODgiIGhlaWdodD0iODgiPjxkZWZzPjxsaW5lYXJHcmFkaWVudCBpZD0iYyIgeDE9IjAlIiB4Mj0iNTAlIiB5MT0iNzguMTI1JSIgeTI9IjIxLjg3NSUiPjxzdG9wIG9mZnNldD0iMCUiIHN0b3AtY29sb3I9IiNGRkM1OTMiLz48c3RvcCBvZmZzZXQ9IjUxLjk0NSUiIHN0b3AtY29sb3I9IiNCQzcxOTgiLz48c3RvcCBvZmZzZXQ9IjEwMCUiIHN0b3AtY29sb3I9IiM1QTc3RkYiLz48L2xpbmVhckdyYWRpZW50PjxmaWx0ZXIgaWQ9ImIiIHdpZHRoPSIxMzkuOCUiIGhlaWdodD0iMTM5LjglIiB4PSItMTkuOSUiIHk9Ii0xOS45JSIgZmlsdGVyVW5pdHM9Im9iamVjdEJvdW5kaW5nQm94Ij48ZmVHYXVzc2lhbkJsdXIgaW49IlNvdXJjZUFscGhhIiByZXN1bHQ9InNoYWRvd0JsdXJJbm5lcjEiIHN0ZERldmlhdGlvbj0iMTcuNSIvPjxmZU9mZnNldCBpbj0ic2hhZG93Qmx1cklubmVyMSIgcmVzdWx0PSJzaGFkb3dPZmZzZXRJbm5lcjEiLz48ZmVDb21wb3NpdGUgaW49InNoYWRvd09mZnNldElubmVyMSIgaW4yPSJTb3VyY2VBbHBoYSIgazI9Ii0xIiBrMz0iMSIgb3BlcmF0b3I9ImFyaXRobWV0aWMiIHJlc3VsdD0ic2hhZG93SW5uZXJJbm5lcjEiLz48ZmVDb2xvck1hdHJpeCBpbj0ic2hhZG93SW5uZXJJbm5lcjEiIHZhbHVlcz0iMCAwIDAgMCAwIDAgMCAwIDAgMCAwIDAgMCAwIDAgMCAwIDAgMC4wNDUyNjMzMzA0IDAiLz48L2ZpbHRlcj48Y2lyY2xlIGlkPSJhIiBjeD0iNDQiIGN5PSI0NCIgcj0iNDQiLz48L2RlZnM+PGcgZmlsbD0ibm9uZSIgZmlsbC1ydWxlPSJldmVub2RkIj48dXNlIGZpbGw9IiMwMDAiIHhsaW5rOmhyZWY9IiNhIi8+PHVzZSBmaWxsPSIjMDAwIiBmaWx0ZXI9InVybCgjYikiIHhsaW5rOmhyZWY9IiNhIi8+PHBhdGggZmlsbD0iI0ZGRiIgZmlsbC1ydWxlPSJub256ZXJvIiBkPSJNMjQuNTMzIDQ2LjgzOHYtMS43MDNoMS4wMDhjLjMxMiAwIC41OTctLjA1Ljg1NS0uMTUuMjU4LS4xLjQ3OS0uMjQuNjYyLS40MTcuMTgzLS4xNzkuMzI1LS4zODguNDI3LS42MjkuMTAyLS4yNC4xNTQtLjUwNC4xNTQtLjc5YTIuMDEgMi4wMSAwIDAwLS4xNTQtLjc4NyAxLjkwMiAxLjkwMiAwIDAwLS40MjctLjYzMiAxLjkzNSAxLjkzNSAwIDAwLS42NjItLjQxOGMtLjI1OC0uMS0uNTQzLS4xNS0uODU1LS4xNUgyM3Y1LjY3NmgxLjUzM3ptLjkyNy0zLjA4MWgtLjkyN1Y0Mi41NGguOTI3YS42My42MyAwIDAxLjQ2LjE4Mi41NzkuNTc5IDAgMDEwIC44NTEuNjMuNjMgMCAwMS0uNDYuMTgzem00LjY4IDMuMDhWNDQuNjVoMi4wNTZ2Mi4xODloMS41MzN2LTUuNjc2aC0xLjUzM3YyLjEwOEgzMC4xNHYtMi4xMDhoLTEuNTMydjUuNjc2aDEuNTMyem03LjcwMy4xNjNhMy4yIDMuMiAwIDAwMi4yMzktLjg5MmMuMjgyLS4yNzYuNTA0LS41OTQuNjY1LS45NTcuMTYyLS4zNjIuMjQyLS43NDYuMjQyLTEuMTUxcy0uMDgtLjc5LS4yNDItMS4xNTFhMy4wNzIgMy4wNzIgMCAwMC0xLjY2NS0xLjYxQTMuMiAzLjIgMCAwMDM3Ljg0MyA0MWMtLjQ0NiAwLS44Ni4wOC0xLjI0Mi4yNC0uMzgyLjE1OS0uNzE0LjM3Ni0uOTk2LjY1MmEzLjA3MiAzLjA3MiAwIDAwLS42NjYuOTU3QTIuNzk4IDIuNzk4IDAgMDAzNC42OTcgNDRjMCAuNDA1LjA4Ljc5LjI0MiAxLjE1MS4xNjEuMzYzLjM4My42ODEuNjY2Ljk1Ny4yODIuMjc2LjYxNC40OTMuOTk2LjY1My4zODIuMTYuNzk2LjIzOSAxLjI0Mi4yMzl6bTAtMS4zNzhjLS4yMiAwLS40MjctLjA0LS42Mi0uMTIyYTEuNDcgMS40NyAwIDAxLS41MDEtLjM0IDEuNjI0IDEuNjI0IDAgMDEtLjMzLS41MTVBMS42ODcgMS42ODcgMCAwMTM2LjI3IDQ0YzAtLjIzMi4wNC0uNDQ3LjEyMS0uNjQ1LjA4LS4xOTcuMTkxLS4zNjkuMzMtLjUxNC4xNC0uMTQ2LjMwNy0uMjYuNTAxLS4zNDEuMTk0LS4wODEuNC0uMTIyLjYyMS0uMTIyLjIyIDAgLjQyNi4wNC42MTcuMTIyLjE5MS4wODEuMzU4LjE5NS41LjM0LjE0My4xNDYuMjU1LjMxOC4zMzUuNTE1LjA4MS4xOTguMTIxLjQxMy4xMjEuNjQ1IDAgLjIzMi0uMDQuNDQ3LS4xMi42NDVhMS41OSAxLjU5IDAgMDEtLjMzNS41MTRjLS4xNDMuMTQ2LS4zMS4yNi0uNS4zNDEtLjE5Mi4wODEtLjM5Ny4xMjItLjYxOC4xMjJ6bTYuNzM2IDEuMjE2VjQyLjU0aDEuNTczdi0xLjM3OWgtNC42Nzl2MS4zNzloMS41NzN2NC4yOTdoMS41MzN6bTUuMjAzLjE2MmEzLjIgMy4yIDAgMDAyLjIzOS0uODkyYy4yODItLjI3Ni41MDQtLjU5NC42NjUtLjk1Ny4xNjItLjM2Mi4yNDItLjc0Ni4yNDItMS4xNTFzLS4wOC0uNzktLjI0Mi0xLjE1MWEzLjA3MiAzLjA3MiAwIDAwLTEuNjY1LTEuNjFBMy4yIDMuMiAwIDAwNDkuNzgyIDQxYy0uNDQ2IDAtLjg2LjA4LTEuMjQyLjI0LS4zODIuMTU5LS43MTQuMzc2LS45OTYuNjUyYTMuMDcyIDMuMDcyIDAgMDAtLjY2Ni45NTdBMi43OTggMi43OTggMCAwMDQ2LjYzNiA0NGMwIC40MDUuMDguNzkuMjQyIDEuMTUxLjE2Mi4zNjMuMzgzLjY4MS42NjYuOTU3LjI4Mi4yNzYuNjE0LjQ5My45OTYuNjUzLjM4Mi4xNi43OTYuMjM5IDEuMjQyLjIzOXptMC0xLjM3OGMtLjIyIDAtLjQyNy0uMDQtLjYyLS4xMjJhMS40NyAxLjQ3IDAgMDEtLjUwMS0uMzQgMS42MjQgMS42MjQgMCAwMS0uMzMtLjUxNSAxLjY4NyAxLjY4NyAwIDAxLS4xMjItLjY0NWMwLS4yMzIuMDQtLjQ0Ny4xMjEtLjY0NS4wODEtLjE5Ny4xOTEtLjM2OS4zMzEtLjUxNC4xNC0uMTQ2LjMwNy0uMjYuNS0uMzQxLjE5NC0uMDgxLjQtLjEyMi42MjEtLjEyMi4yMiAwIC40MjcuMDQuNjE3LjEyMi4xOTEuMDgxLjM1OC4xOTUuNS4zNC4xNDMuMTQ2LjI1NS4zMTguMzM1LjUxNS4wODEuMTk4LjEyMS40MTMuMTIxLjY0NSAwIC4yMzItLjA0LjQ0Ny0uMTIuNjQ1YTEuNTkgMS41OSAwIDAxLS4zMzUuNTE0Yy0uMTQzLjE0Ni0uMzEuMjYtLjUuMzQxLS4xOTEuMDgxLS4zOTcuMTIyLS42MTguMTIyek01NS42NzIgNDdjLjM1NCAwIC42NzEtLjA1Ljk1MS0uMTUuMjgtLjEuNTE2LS4yMzUuNzEtLjQwNWExLjcxIDEuNzEgMCAwMC41OTctMS4zMWMwLS4zMy0uMDY1LS42LS4xOTQtLjgxLS4xMjktLjIxMS0uMjktLjM4Mi0uNDg0LS41MTFhMi41OTkgMi41OTkgMCAwMC0uNjMzLS4zMDlsLS42MzMtLjIxYTIuODAzIDIuODAzIDAgMDEtLjQ4NC0uMjA3Yy0uMTMtLjA3My0uMTk0LS4xNzQtLjE5NC0uMzA0IDAtLjEyNS4wNTUtLjIzNy4xNjYtLjMzN2EuNjMuNjMgMCAwMS40NC0uMTVjLjE0IDAgLjI2NS4wMjMuMzc4LjA3LjExMy4wNDUuMjEuMDk4LjI5LjE1Ny4wOTguMDY1LjE4NC4xMzguMjU5LjIybC44ODctLjkzM2EyLjA3NyAyLjA3NyAwIDAwLS40NzYtLjQwNiAyLjg1MiAyLjg1MiAwIDAwLS42MTMtLjI4IDIuNzc4IDIuNzc4IDAgMDAtLjg4Ny0uMTI1Yy0uMzIzIDAtLjYxNi4wNDktLjg4LjE0NmEyLjEzNSAyLjEzNSAwIDAwLS42NzMuMzljLS4xODYuMTYxLS4zMy4zNDgtLjQzMi41NTktLjEwMi4yMS0uMTUzLjQyNy0uMTUzLjY0OCAwIC4zMy4wNjUuNi4xOTQuODExLjEyOS4yMS4yOS4zODEuNDg0LjUxLjE5My4xMy40MDQuMjMzLjYzMy4zMDlsLjYzMy4yMWMuMTk0LjA2Ni4zNTUuMTM1LjQ4NC4yMDguMTMuMDczLjE5NC4xNzQuMTk0LjMwNGEuNTY4LjU2OCAwIDAxLS4xOTQuNDI1Yy0uMTI5LjEyMi0uMzA2LjE4My0uNTMyLjE4My0uMTgzIDAtLjM0OC0uMDMxLS40OTYtLjA5NGEyLjAzNiAyLjAzNiAwIDAxLS4zODMtLjIwNiAyIDIgMCAwMS0uMzMxLS4zMDhsLS44ODguOTMyYy4xNjIuMTg0LjM1My4zNDYuNTczLjQ4Ny4xODguMTI0LjQyMi4yMzYuNzAyLjMzNi4yOC4xLjYwOC4xNS45ODQuMTV6bTQuNjc4LS4xNjJ2LTMuMTYybDIuNDI4IDMuMTYyaDEuMzIzdi01LjY3NmgtMS41MzN2My4xNjJsLTIuNDItMy4xNjJoLTEuMzN2NS42NzZoMS41MzJ6bTYuMDUgMGwuNDA0LTEuMjE2aDEuODU1bC40MDMgMS4yMTZoMS42NTRsLTIuMTM4LTUuNjc2aC0xLjY5NGwtMi4xMzcgNS42NzZINjYuNHptMS44NTYtMi40MzNoLTEuMDQ5bC41MjQtMS42NjIuNTI1IDEuNjYyem00LjYzOCAyLjQzM3YtMS43MDNoMS4wMDljLjMxMiAwIC41OTctLjA1Ljg1NS0uMTUuMjU4LS4xLjQ3OC0uMjQuNjYxLS40MTcuMTgzLS4xNzkuMzI2LS4zODguNDI4LS42MjkuMTAyLS4yNC4xNTMtLjUwNC4xNTMtLjc5YTIuMDEgMi4wMSAwIDAwLS4xNTMtLjc4NyAxLjkwMiAxLjkwMiAwIDAwLS40MjgtLjYzMiAxLjkzNSAxLjkzNSAwIDAwLS42NjEtLjQxOGMtLjI1OC0uMS0uNTQzLS4xNS0uODU1LS4xNUg3MS4zNnY1LjY3NmgxLjUzM3ptLjkyOC0zLjA4MWgtLjkyOFY0Mi41NGguOTI4YS42My42MyAwIDAxLjQ2LjE4Mi41NzkuNTc5IDAgMDEwIC44NTEuNjMuNjMgMCAwMS0uNDYuMTgzeiIvPjxwYXRoIGZpbGw9InVybCgjYykiIGQ9Ik0wIDZsNC02IDQgNnoiIHRyYW5zZm9ybT0idHJhbnNsYXRlKDEyIDQxKSIvPjwvZz48L3N2Zz4=	t	t	1	1	1	2022-03-12 16:56:50	1	1
2	2	PHN2ZyB4bWxucz0iaHR0cDovL3d3dy53My5vcmcvMjAwMC9zdmciIHhtbG5zOnhsaW5rPSJodHRwOi8vd3d3LnczLm9yZy8xOTk5L3hsaW5rIiB3aWR0aD0iODgiIGhlaWdodD0iODgiPjxkZWZzPjxmaWx0ZXIgaWQ9ImIiIHdpZHRoPSIxMzkuOCUiIGhlaWdodD0iMTM5LjglIiB4PSItMTkuOSUiIHk9Ii0xOS45JSIgZmlsdGVyVW5pdHM9Im9iamVjdEJvdW5kaW5nQm94Ij48ZmVHYXVzc2lhbkJsdXIgaW49IlNvdXJjZUFscGhhIiByZXN1bHQ9InNoYWRvd0JsdXJJbm5lcjEiIHN0ZERldmlhdGlvbj0iMTcuNSIvPjxmZU9mZnNldCBpbj0ic2hhZG93Qmx1cklubmVyMSIgcmVzdWx0PSJzaGFkb3dPZmZzZXRJbm5lcjEiLz48ZmVDb21wb3NpdGUgaW49InNoYWRvd09mZnNldElubmVyMSIgaW4yPSJTb3VyY2VBbHBoYSIgazI9Ii0xIiBrMz0iMSIgb3BlcmF0b3I9ImFyaXRobWV0aWMiIHJlc3VsdD0ic2hhZG93SW5uZXJJbm5lcjEiLz48ZmVDb2xvck1hdHJpeCBpbj0ic2hhZG93SW5uZXJJbm5lcjEiIHZhbHVlcz0iMCAwIDAgMCAwIDAgMCAwIDAgMCAwIDAgMCAwIDAgMCAwIDAgMC4wNDUyNjMzMzA0IDAiLz48L2ZpbHRlcj48Y2lyY2xlIGlkPSJhIiBjeD0iNDQiIGN5PSI0NCIgcj0iNDQiLz48L2RlZnM+PGcgZmlsbD0ibm9uZSIgZmlsbC1ydWxlPSJldmVub2RkIj48dXNlIGZpbGw9IiNGMzYwM0MiIHhsaW5rOmhyZWY9IiNhIi8+PHVzZSBmaWxsPSIjMDAwIiBmaWx0ZXI9InVybCgjYikiIHhsaW5rOmhyZWY9IiNhIi8+PGcgZmlsbD0iI0ZGRiIgdHJhbnNmb3JtPSJ0cmFuc2xhdGUoMTMgMzkpIj48cGF0aCBmaWxsLXJ1bGU9Im5vbnplcm8iIGQ9Ik0xNi44MDYgNy4wMDR2LTMuNDRjMC0uNjU3LjE1NC0xLjE3NS40NjEtMS41NTUuMzA4LS4zNzkuNjkzLS41NjggMS4xNTUtLjU2OC45MDcgMCAxLjM2LjY1NyAxLjM2IDEuOTcxdjMuNTkyaDEuNTg4VjMuMDEyYzAtMS4wMDYtLjIxLTEuNzU5LS42MzEtMi4yNTctLjQyLS40OTktMS4wMjItLjc0OC0xLjgwNC0uNzQ4LS41MTMgMC0uOTgyLjA5OC0xLjQwOC4yOTMtLjQyNS4xOTUtLjc4My40NzktMS4wNzUuODUxaC0uMDI4Yy0uNDExLS43NjMtMS4xLTEuMTQ0LTIuMDY3LTEuMTQ0LS40MDcgMC0uNzk4LjA5LTEuMTc1LjI3MmEyLjkyNiAyLjkyNiAwIDAwLS45ODkuNzgzaC0uMDJWLjExaC0xLjU4OXY2Ljg4N2gxLjU4OFYzLjU2NGMwLS42NTcuMTU3LTEuMTc1LjQ2OS0xLjU1NS4zMTItLjM3OS43MS0uNTY4IDEuMTk2LS41NjguOTIgMCAxLjM4LjY1NyAxLjM4IDEuOTcxdjMuNTkyaDEuNTg5em04Ljg2Mi4xMDNjLjk0NCAwIDEuNjc5LS4zNDUgMi4yMDYtMS4wMzRoLjAyMXYuOTI0aDEuNTE5Vi4xMWgtMS41ODh2LjgyOGgtLjAyOGMtLjUyNy0uNjItMS4yNDItLjkzMS0yLjE0My0uOTMxYTMuMjgyIDMuMjgyIDAgMDAtMi4zODcgMS4wMDZjLS4yOTYuMzEzLS41My42OTItLjcgMS4xMzhhMy45NjcgMy45NjcgMCAwMC0uMjU3IDEuNDM0YzAgLjUyMy4wODYgMS4wMDYuMjU3IDEuNDQ3LjE3LjQ0MS40MDQuODE0LjcgMS4xMTcuMjk2LjMwMy42NTEuNTM5IDEuMDY1LjcwNmEzLjUyIDMuNTIgMCAwMDEuMzM1LjI1MnptLjI1LTEuNDM0Yy0uNTg3IDAtMS4wNjYtLjE5NC0xLjQzNi0uNTgyLS4zNy0uMzg5LS41NTUtLjg4OC0uNTU1LTEuNSAwLS42NDguMTkxLTEuMTY4LjU3My0xLjU2LjM4MS0uMzk0Ljg1Ni0uNTkgMS40MjUtLjU5LjU2NCAwIDEuMDMyLjIwNSAxLjQwNS42MTcuMzcyLjQxMS41NTguOTIyLjU1OCAxLjUzMyAwIC42MTItLjE5IDEuMTExLS41NzIgMS41YTEuODg1IDEuODg1IDAgMDEtMS4zOTguNTgyem0xMS4zODcgMS4zM3YtNC4wNmMwLS45OTctLjIyNS0xLjczNi0uNjc2LTIuMjE2LS40NS0uNDgtMS4wNzQtLjcyLTEuODctLjcyLS40NTIgMC0uODguMDktMS4yODMuMjY5YTIuOTIgMi45MiAwIDAwLTEuMDQuNzc5aC0uMDJWLjExaC0xLjU5djYuODg3aDEuNTl2LTMuNDZjMC0uNjYyLjE2Mi0xLjE3Ny40ODgtMS41NDUuMzI2LS4zNjcuNzYyLS41NTEgMS4zMDgtLjU1MS4yNSAwIC40NjMuMDMyLjY0MS4wOTYuMTc4LjA2NS4zMzQuMTcuNDY5LjMxNC4xMzQuMTQ1LjIzMy4zNDEuMjk4LjU5LjA2NS4yNDcuMDk3LjU1LjA5Ny45MXYzLjY1M2gxLjU4OHptNC4yOTIuMTA0Yy45NDMgMCAxLjY3OC0uMzQ1IDIuMjA1LTEuMDM0aC4wMjF2LjkyNGgxLjUyVi4xMWgtMS41OXYuODI4aC0uMDI3QzQzLjIuMzE4IDQyLjQ4NS4wMDYgNDEuNTgzLjAwNmEzLjI4MiAzLjI4MiAwIDAwLTIuMzg2IDEuMDA2Yy0uMjk2LjMxMy0uNTMuNjkyLS43IDEuMTM4YTMuOTY3IDMuOTY3IDAgMDAtLjI1OCAxLjQzNGMwIC41MjMuMDg2IDEuMDA2LjI1NyAxLjQ0Ny4xNzEuNDQxLjQwNS44MTQuNyAxLjExNy4yOTcuMzAzLjY1Mi41MzkgMS4wNjUuNzA2YTMuNTIgMy41MiAwIDAwMS4zMzYuMjUyem0uMjUtMS40MzRjLS41ODggMC0xLjA2Ni0uMTk0LTEuNDM2LS41ODItLjM3LS4zODktLjU1NS0uODg4LS41NTUtMS41IDAtLjY0OC4xOS0xLjE2OC41NzItMS41Ni4zODEtLjM5NC44NTctLjU5IDEuNDI1LS41OS41NjQgMCAxLjAzMy4yMDUgMS40MDUuNjE3LjM3Mi40MTEuNTU4LjkyMi41NTggMS41MzMgMCAuNjEyLS4xOSAxLjExMS0uNTcyIDEuNWExLjg4NSAxLjg4NSAwIDAxLTEuMzk4LjU4MnptOC4wMDkgNC4yMTljLjUwNCAwIC45NTUtLjA1OSAxLjM1Mi0uMTc2LjM5OC0uMTE3LjczMi0uMjggMS4wMDMtLjQ5LjI3LS4yMDguNDk0LS40NjUuNjcyLS43NjguMTc4LS4zMDMuMzA3LS42MzQuMzg1LS45OTIuMDc5LS4zNTkuMTE4LS43NTIuMTE4LTEuMThWLjExaC0xLjU4OHYuNzI0aC0uMDI4YTIuOTY4IDIuOTY4IDAgMDAtLjk4OC0uNjJBMy4yMjMgMy4yMjMgMCAwMDQ5LjYyIDBjLS42MzQgMC0xLjIwMy4xNS0xLjcwNy40NDhhMy4wOSAzLjA5IDAgMDAtMS4xNzUgMS4yNDRjLS4yOC41MzEtLjQyIDEuMTI3LS40MiAxLjc5IDAgLjY3LjE0NyAxLjI2NS40NCAxLjc4NS4yOTQuNTE5LjY5OC45MTggMS4yMSAxLjE5NmEzLjU4MiAzLjU4MiAwIDAwMS43MzUuNDE3Yy44NiAwIDEuNTYtLjI4IDIuMTAyLS44NDFoLjAyOHYuNzNjMCAuNDg3LS4xOC44OTItLjU0MiAxLjIxNC0uMzYuMzIxLS44NjkuNDgyLTEuNTI2LjQ4Mi0uNDQ4IDAtLjg0Mi0uMDU1LTEuMTgyLS4xNjVhNy42MjcgNy42MjcgMCAwMS0xLjE3Ni0uNTE3bC0uMzc0IDEuMzkyYy4zODguMjMuODI1LjQwNyAxLjMxLjUzLjQ4Ni4xMjUuOTkuMTg3IDEuNTEzLjE4N3ptLjA1NS00LjQ2N2MtLjU3MyAwLTEuMDQ2LS4xOC0xLjQxOC0uNTQxLS4zNzMtLjM2LS41NTktLjg0NC0uNTU5LTEuNDUxIDAtLjU4NC4xODMtMS4wNi41NDgtMS40MjcuMzY2LS4zNjguODQyLS41NTEgMS40My0uNTUxLjU1OSAwIDEuMDI1LjE4MSAxLjM5Ny41NDQuMzcyLjM2My41NTguODM0LjU1OCAxLjQxMyAwIC41ODQtLjE4MSAxLjA2NS0uNTQ0IDEuNDQ0LS4zNjMuMzgtLjgzNC41Ny0xLjQxMi41N3ptOC4wMTYgMS42ODJjLjY0OCAwIDEuMjE4LS4xMTcgMS43MS0uMzUxYTMuMzM0IDMuMzM0IDAgMDAxLjIxLS45NTJsLTEuMTEtLjk0NGMtLjQzNC41NDItMS4wMS44MTMtMS43MjYuODEzLS41MSAwLS45NC0uMTQtMS4yOTQtLjQyLS4zNTQtLjI4LS41ODItLjY2NC0uNjgzLTEuMTUxaDUuMDVjLjAyNy0uMTY2LjA0MS0uMzc1LjA0MS0uNjI4IDAtLjY2Ni0uMTM2LTEuMjYxLS40MS0xLjc4NUEzLjAxIDMuMDEgMCAwMDU5LjUzOC40NTVDNTkuMDIzLjE1NiA1OC40My4wMDcgNTcuNzYuMDA3Yy0uNDc2IDAtLjkyMy4wODYtMS4zMzkuMjU4YTMuMTg3IDMuMTg3IDAgMDAtMS4wNzUuNzJjLS4zLjMwOS0uNTM2LjY4My0uNzA4IDEuMTI0YTMuOTUxIDMuOTUxIDAgMDAtLjI1NiAxLjQ0MWMwIC43MDMuMTU1IDEuMzI3LjQ2NSAxLjg3Mi4zMS41NDQuNzMyLjk2MSAxLjI2OSAxLjI1LjUzNi4yOSAxLjE0LjQzNSAxLjgxLjQzNXptMS42MDMtNC4yOEg1Ni4wNmMuMTExLS40NDIuMzI2LS43ODMuNjQ2LTEuMDI0LjMxOS0uMjQyLjY5OC0uMzYyIDEuMTM3LS4zNjIuNDQ0IDAgLjgxLjEyNCAxLjEuMzcyLjI4OS4yNDguNDg0LjU4Ni41ODYgMS4wMTN6Ii8+PHBhdGggZD0iTTEuMTcgNC4yODZjLjY0NiAwIDEuMTcuNTMzIDEuMTcgMS4xOWExLjE4IDEuMTggMCAwMS0xLjE3IDEuMTlBMS4xOCAxLjE4IDAgMDEwIDUuNDc3YzAtLjY1Ny41MjQtMS4xOSAxLjE3LTEuMTl6TTEuMTcgMGMuNjQ2IDAgMS4xNy41MzMgMS4xNyAxLjE5YTEuMTggMS4xOCAwIDAxLTEuMTcgMS4xOTFBMS4xOCAxLjE4IDAgMDEwIDEuMTkxQzAgLjUzMi41MjQgMCAxLjE3IDB6bTQuMjEyIDBjLjY0NiAwIDEuMTcuNTMzIDEuMTcgMS4xOWExLjE4IDEuMTggMCAwMS0xLjE3IDEuMTkxIDEuMTggMS4xOCAwIDAxLTEuMTctMS4xOUM0LjIxMi41MzIgNC43MzYgMCA1LjM4MiAweiIvPjxlbGxpcHNlIGN4PSI1LjM4MiIgY3k9IjUuNTI0IiBvcGFjaXR5PSIuNSIgcng9IjEuMTciIHJ5PSIxLjE5Ii8+PC9nPjwvZz48L3N2Zz4=	t	t	2	2	2	2022-03-12 16:56:50	2	2
3	3	PHN2ZyB4bWxucz0iaHR0cDovL3d3dy53My5vcmcvMjAwMC9zdmciIHhtbG5zOnhsaW5rPSJodHRwOi8vd3d3LnczLm9yZy8xOTk5L3hsaW5rIiB3aWR0aD0iODgiIGhlaWdodD0iODgiPjxkZWZzPjxsaW5lYXJHcmFkaWVudCBpZD0iYyIgeDE9IjYuNDcyJSIgeDI9IjkzLjUyOCUiIHkxPSIwJSIgeTI9IjEwMCUiPjxzdG9wIG9mZnNldD0iMCUiIHN0b3AtY29sb3I9IiM1MTQxRTIiLz48c3RvcCBvZmZzZXQ9IjEwMCUiIHN0b3AtY29sb3I9IiNERTM5RkYiLz48L2xpbmVhckdyYWRpZW50PjxsaW5lYXJHcmFkaWVudCBpZD0iZCIgeDE9IjYuNDcyJSIgeDI9IjkzLjUyOCUiIHkxPSIwJSIgeTI9IjEwMCUiPjxzdG9wIG9mZnNldD0iMCUiIHN0b3AtY29sb3I9IiM1MTQxRTIiLz48c3RvcCBvZmZzZXQ9IjEwMCUiIHN0b3AtY29sb3I9IiNERTM5RkYiIHN0b3Atb3BhY2l0eT0iMCIvPjwvbGluZWFyR3JhZGllbnQ+PGZpbHRlciBpZD0iYiIgd2lkdGg9IjEzOS44JSIgaGVpZ2h0PSIxMzkuOCUiIHg9Ii0xOS45JSIgeT0iLTE5LjklIiBmaWx0ZXJVbml0cz0ib2JqZWN0Qm91bmRpbmdCb3giPjxmZUdhdXNzaWFuQmx1ciBpbj0iU291cmNlQWxwaGEiIHJlc3VsdD0ic2hhZG93Qmx1cklubmVyMSIgc3RkRGV2aWF0aW9uPSIxNy41Ii8+PGZlT2Zmc2V0IGluPSJzaGFkb3dCbHVySW5uZXIxIiByZXN1bHQ9InNoYWRvd09mZnNldElubmVyMSIvPjxmZUNvbXBvc2l0ZSBpbj0ic2hhZG93T2Zmc2V0SW5uZXIxIiBpbjI9IlNvdXJjZUFscGhhIiBrMj0iLTEiIGszPSIxIiBvcGVyYXRvcj0iYXJpdGhtZXRpYyIgcmVzdWx0PSJzaGFkb3dJbm5lcklubmVyMSIvPjxmZUNvbG9yTWF0cml4IGluPSJzaGFkb3dJbm5lcklubmVyMSIgdmFsdWVzPSIwIDAgMCAwIDAgMCAwIDAgMCAwIDAgMCAwIDAgMCAwIDAgMCAwLjA0NTI2MzMzMDQgMCIvPjwvZmlsdGVyPjxjaXJjbGUgaWQ9ImEiIGN4PSI0NCIgY3k9IjQ0IiByPSI0NCIvPjwvZGVmcz48ZyBmaWxsPSJub25lIiBmaWxsLXJ1bGU9ImV2ZW5vZGQiPjx1c2UgZmlsbD0iIzRGMTE4MSIgeGxpbms6aHJlZj0iI2EiLz48dXNlIGZpbGw9IiMwMDAiIGZpbHRlcj0idXJsKCNiKSIgeGxpbms6aHJlZj0iI2EiLz48cGF0aCBmaWxsPSIjRkZGIiBmaWxsLXJ1bGU9Im5vbnplcm8iIGQ9Ik0yNS4yMDQgNDcuODA3bC40MTMtMS4yMzZoMi42NDZsLjQxMiAxLjIzNmgyLjI2NGwtMi45OTYtNy42MTVoLTIuMDFMMjMgNDcuODA3aDIuMjA0em0yLjU1OC0yLjg3OGgtMS42NDRsLjgxOC0yLjM2LjgyNiAyLjM2ek0zNC44MTggNDhjMS45ODkgMCAzLjUxMy0xLjM2IDMuNzk3LTMuMzYySDM2LjUxYy0uMjA5Ljg0Ny0uODYgMS4zOTctMS42ODggMS4zOTctMS4wNTcgMC0xLjgzMy0uODU0LTEuODMzLTIuMDI5IDAtMS4xNzkuNzc2LTIuMDQ2IDEuODMzLTIuMDQ2Ljc4NSAwIDEuNDMuNTA3IDEuNjg3IDEuMjg4aDIuMDgzQzM4LjI5IDQxLjMxOCAzNi43NzUgNDAgMzQuODE4IDQwYy0yLjI3MiAwLTMuOTY5IDEuNzE2LTMuOTY5IDQuMDA2IDAgMi4yNzggMS42OTcgMy45OTQgMy45NyAzLjk5NHptOC4yOTMgMGMxLjk4OCAwIDMuNTEyLTEuMzYgMy43OTYtMy4zNjJoLTIuMTAzYy0uMjEuODQ3LS44NiAxLjM5Ny0xLjY4OSAxLjM5Ny0xLjA1NyAwLTEuODMyLS44NTQtMS44MzItMi4wMjkgMC0xLjE3OS43NzUtMi4wNDYgMS44MzItMi4wNDYuNzg2IDAgMS40My41MDcgMS42ODcgMS4yODhoMi4wODRDNDYuNTgyIDQxLjMxOCA0NS4wNjcgNDAgNDMuMTEgNDBjLTIuMjcyIDAtMy45NyAxLjcxNi0zLjk3IDQuMDA2IDAgMi4yNzggMS42OTggMy45OTQgMy45NyAzLjk5NHptOC40MzQgMGMyLjM5MyAwIDQuMS0xLjY2NiA0LjEtNHMtMS43MDctNC00LjEtNGMtMi40IDAtNC4xMTIgMS42NzMtNC4xMTIgNHMxLjcxMiA0IDQuMTEyIDR6bTAtMS45NTJjLTEuMTM2IDAtMS45NzEtLjg2Mi0xLjk3MS0yLjA0OCAwLTEuMTg1LjgzNS0yLjA0OCAxLjk3LTIuMDQ4IDEuMTM3IDAgMS45Ni44NTYgMS45NiAyLjA0OCAwIDEuMTkyLS44MjMgMi4wNDgtMS45NiAyLjA0OHpNNTkuODA3IDQ4YzEuOTAzIDAgMy4yNTktMS4yNjUgMy4yNTktMy4xMzh2LTQuNjdoLTIuMTAydjQuNjNjMCAuNzQ1LS40NyAxLjIyNi0xLjE1NyAxLjIyNnMtMS4xNTctLjQ4MS0xLjE1Ny0xLjIyNnYtNC42M2gtMi4xMDJ2NC42N2MwIDEuODczIDEuMzU2IDMuMTM4IDMuMjU5IDMuMTM4em02LjU1MS0uMTkzdi00LjEzMmwyLjk2NiA0LjEzMmgxLjd2LTcuNjE1aC0xLjk5MnYzLjk5NmwtMi44NjctMy45OTZoLTEuOHY3LjYxNWgxLjk5M3ptOS42MTQgMHYtNS43MjZINzh2LTEuODg5aC02LjEyMXYxLjg5aDIuMDI4djUuNzI1aDIuMDY1eiIvPjxwYXRoIGZpbGw9InVybCgjYykiIGQ9Ik03LjQyMSA3Ljk1M0wzLjcxIDAgMCA3Ljk1M3oiIHRyYW5zZm9ybT0idHJhbnNsYXRlKDEwIDQwKSIvPjxwYXRoIGZpbGw9InVybCgjZCkiIGQ9Ik0xMC45MTMgNy45NTNMNy4yMDIgMGwtMy43MSA3Ljk1M3oiIHRyYW5zZm9ybT0idHJhbnNsYXRlKDEwIDQwKSIvPjwvZz48L3N2Zz4=	t	f	3	1	3	2022-03-12 16:56:50	2	1
4	4	PHN2ZyB4bWxucz0iaHR0cDovL3d3dy53My5vcmcvMjAwMC9zdmciIHhtbG5zOnhsaW5rPSJodHRwOi8vd3d3LnczLm9yZy8xOTk5L3hsaW5rIiB3aWR0aD0iODgiIGhlaWdodD0iODgiPjxkZWZzPjxsaW5lYXJHcmFkaWVudCBpZD0iYyIgeDE9IjEwMCUiIHgyPSIwJSIgeTE9IjAlIiB5Mj0iMTAwJSI+PHN0b3Agb2Zmc2V0PSIwJSIgc3RvcC1jb2xvcj0iI0ZGRiIvPjxzdG9wIG9mZnNldD0iMTAwJSIgc3RvcC1jb2xvcj0iI0ZGRiIgc3RvcC1vcGFjaXR5PSIwIi8+PC9saW5lYXJHcmFkaWVudD48ZmlsdGVyIGlkPSJiIiB3aWR0aD0iMTM5LjglIiBoZWlnaHQ9IjEzOS44JSIgeD0iLTE5LjklIiB5PSItMTkuOSUiIGZpbHRlclVuaXRzPSJvYmplY3RCb3VuZGluZ0JveCI+PGZlR2F1c3NpYW5CbHVyIGluPSJTb3VyY2VBbHBoYSIgcmVzdWx0PSJzaGFkb3dCbHVySW5uZXIxIiBzdGREZXZpYXRpb249IjE3LjUiLz48ZmVPZmZzZXQgaW49InNoYWRvd0JsdXJJbm5lcjEiIHJlc3VsdD0ic2hhZG93T2Zmc2V0SW5uZXIxIi8+PGZlQ29tcG9zaXRlIGluPSJzaGFkb3dPZmZzZXRJbm5lcjEiIGluMj0iU291cmNlQWxwaGEiIGsyPSItMSIgazM9IjEiIG9wZXJhdG9yPSJhcml0aG1ldGljIiByZXN1bHQ9InNoYWRvd0lubmVySW5uZXIxIi8+PGZlQ29sb3JNYXRyaXggaW49InNoYWRvd0lubmVySW5uZXIxIiB2YWx1ZXM9IjAgMCAwIDAgMCAwIDAgMCAwIDAgMCAwIDAgMCAwIDAgMCAwIDAuMDQ1MjYzMzMwNCAwIi8+PC9maWx0ZXI+PGNpcmNsZSBpZD0iYSIgY3g9IjQ0IiBjeT0iNDQiIHI9IjQ0Ii8+PC9kZWZzPjxnIGZpbGw9Im5vbmUiIGZpbGwtcnVsZT0iZXZlbm9kZCI+PHVzZSBmaWxsPSIjNjhBNEE0IiB4bGluazpocmVmPSIjYSIvPjx1c2UgZmlsbD0iIzAwMCIgZmlsdGVyPSJ1cmwoI2IpIiB4bGluazpocmVmPSIjYSIvPjxjaXJjbGUgY3g9IjQ1IiBjeT0iNDQiIHI9IjI0IiBmaWxsPSJ1cmwoI2MpIiBvcGFjaXR5PSIuMjUiIHRyYW5zZm9ybT0ibWF0cml4KC0xIDAgMCAxIDkwIDApIi8+PHBhdGggZmlsbD0iI0ZGRiIgZmlsbC1ydWxlPSJub256ZXJvIiBkPSJNOS4zODMgNDYuODl2LTMuMzVsMS42ODIgMi42MmguMjA2bDEuNjgyLTIuNjJ2My4zNWgxLjM4MlY0MS4xaC0xLjM4MmwtMS43ODUgMi43Mi0xLjc4NS0yLjcySDh2NS43OWgxLjM4M3ptMTUuNjgzIDB2LTEuOTVsMi4xNDctMy44NGgtMS40NzZsLTEuMzYyIDIuNTEtMS4zNTItMi41MWgtMS40NzVsMi4xNDYgMy44NHYxLjk1aDEuMzcyem0xMC43NDIgMHYtMi4wMWgyLjE5OHYyLjAxaDEuMzgyVjQxLjFoLTEuMzgydjIuNTZoLTIuMTk4VjQxLjFoLTEuMzgzdjUuNzloMS4zODN6bTE0LjMxMS4xMWMxLjc3NSAwIDMuMTg5LTEuMzUgMy4xODktMyAwLTEuNjYtMS40MTQtMy0zLjE4OS0zLTEuNzc1IDAtMy4xODggMS4zNC0zLjE4OCAzIDAgMS42NSAxLjQxMyAzIDMuMTg4IDN6bTAtMS4yM2MtLjk4IDAtMS43NTQtLjgxLTEuNzU0LTEuNzdhMS43NTMgMS43NTMgMCAxMTMuNTA4IDBjMCAuOTYtLjc3NCAxLjc3LTEuNzU0IDEuNzd6bTEyLjExNCAxLjEydi0zLjM1bDEuNjgyIDIuNjJoLjIwNmwxLjY4Mi0yLjYydjMuMzVoMS4zODNWNDEuMWgtMS4zODNsLTEuNzg1IDIuNzItMS43ODUtMi43Mkg2MC44NXY1Ljc5aDEuMzgzem0xNi43NjcgMHYtMS4yM2gtMi43ODZ2LTFoMi41N3YtMS4yM2gtMi41N3YtMS4xSDc5VjQxLjFoLTQuMTY5djUuNzlINzl6Ii8+PC9nPjwvc3ZnPg==	f	f	3	1	3	2022-03-12 16:56:50	3	1
5	5	PHN2ZyB4bWxucz0iaHR0cDovL3d3dy53My5vcmcvMjAwMC9zdmciIHhtbG5zOnhsaW5rPSJodHRwOi8vd3d3LnczLm9yZy8xOTk5L3hsaW5rIiB3aWR0aD0iODgiIGhlaWdodD0iODgiPjxkZWZzPjxmaWx0ZXIgaWQ9ImIiIHdpZHRoPSIxMzkuOCUiIGhlaWdodD0iMTM5LjglIiB4PSItMTkuOSUiIHk9Ii0xOS45JSIgZmlsdGVyVW5pdHM9Im9iamVjdEJvdW5kaW5nQm94Ij48ZmVHYXVzc2lhbkJsdXIgaW49IlNvdXJjZUFscGhhIiByZXN1bHQ9InNoYWRvd0JsdXJJbm5lcjEiIHN0ZERldmlhdGlvbj0iMTcuNSIvPjxmZU9mZnNldCBpbj0ic2hhZG93Qmx1cklubmVyMSIgcmVzdWx0PSJzaGFkb3dPZmZzZXRJbm5lcjEiLz48ZmVDb21wb3NpdGUgaW49InNoYWRvd09mZnNldElubmVyMSIgaW4yPSJTb3VyY2VBbHBoYSIgazI9Ii0xIiBrMz0iMSIgb3BlcmF0b3I9ImFyaXRobWV0aWMiIHJlc3VsdD0ic2hhZG93SW5uZXJJbm5lcjEiLz48ZmVDb2xvck1hdHJpeCBpbj0ic2hhZG93SW5uZXJJbm5lcjEiIHZhbHVlcz0iMCAwIDAgMCAwIDAgMCAwIDAgMCAwIDAgMCAwIDAgMCAwIDAgMC4wNDUyNjMzMzA0IDAiLz48L2ZpbHRlcj48Y2lyY2xlIGlkPSJhIiBjeD0iNDQiIGN5PSI0NCIgcj0iNDQiLz48L2RlZnM+PGcgZmlsbD0ibm9uZSIgZmlsbC1ydWxlPSJldmVub2RkIj48dXNlIGZpbGw9IiM4RDE1NTgiIHhsaW5rOmhyZWY9IiNhIi8+PHVzZSBmaWxsPSIjMDAwIiBmaWx0ZXI9InVybCgjYikiIHhsaW5rOmhyZWY9IiNhIi8+PHBhdGggZmlsbD0iI0ZGRiIgZmlsbC1ydWxlPSJub256ZXJvIiBkPSJNMTQuNDExIDQzLjg1NGMuNzggMCAxLjQxMS0uNjM1IDEuNDExLTEuNDJWMzEuNDJjMC0uNzg0LS42MzEtMS40MTktMS40MS0xLjQxOS0uNzggMC0xLjQxMi42MzUtMS40MTIgMS40MTl2MTEuMDE2YzAgLjc4NC42MzEgMS40MTkgMS40MTEgMS40MTl6bTguMTIuMTEyYzMuMTAyIDAgNS40MDQtMi4zMzQgNS40MDQtNS4yMXYtLjAzN2MwLTIuODc1LTIuMjg0LTUuMTcyLTUuMzY2LTUuMTcyLTMuMSAwLTUuNDAzIDIuMzM0LTUuNDAzIDUuMjF2LjAzN2MwIDIuODc1IDIuMjg0IDUuMTcyIDUuMzY2IDUuMTcyem0uMDM4LTIuNDQ2Yy0xLjU2IDAtMi42MTgtMS4yODgtMi42MTgtMi43NjN2LS4wMzhjMC0xLjQ3NS45NjUtMi43MjYgMi41OC0yLjcyNiAxLjU2IDAgMi42MTkgMS4yODkgMi42MTkgMi43NjR2LjAzN2MwIDEuNDc1LS45NjYgMi43MjYtMi41ODEgMi43MjZ6bTExLjQ2MyAyLjQ0NmMzLjEgMCA1LjQwMy0yLjMzNCA1LjQwMy01LjIxdi0uMDM3YzAtMi44NzUtMi4yODQtNS4xNzItNS4zNjYtNS4xNzItMy4xIDAtNS40MDMgMi4zMzQtNS40MDMgNS4yMXYuMDM3YzAgMi44NzUgMi4yODQgNS4xNzIgNS4zNjYgNS4xNzJ6bS4wMzctMi40NDZjLTEuNTYgMC0yLjYxOC0xLjI4OC0yLjYxOC0yLjc2M3YtLjAzOGMwLTEuNDc1Ljk2NS0yLjcyNiAyLjU4LTIuNzI2IDEuNTYgMCAyLjYxOSAxLjI4OSAyLjYxOSAyLjc2NHYuMDM3YzAgMS40NzUtLjk2NiAyLjcyNi0yLjU4MSAyLjcyNnptNy45OSA1LjMyMWMuNzggMCAxLjQxMi0uNjM1IDEuNDEyLTEuNDE5di0yLjk4N2MuNjY4LjgwMyAxLjU5NyAxLjQ5MyAzLjEgMS40OTMgMi4zNTkgMCA0LjUzMS0xLjgzIDQuNTMxLTUuMTcxdi0uMDM4YzAtMy4zNDItMi4yMS01LjE3Mi00LjUzLTUuMTcyLTEuNDY3IDAtMi40MTQuNjkxLTMuMTAxIDEuNjI1di0uMTNjMC0uNzg1LS42MzEtMS40Mi0xLjQxMS0xLjQycy0xLjQxMS42MzUtMS40MTEgMS40MnYxMC4zOGMwIC43ODQuNjMgMS40MiAxLjQxIDEuNDJ6bTMuNzg4LTUuMzIxYy0xLjMxOCAwLTIuNDEzLTEuMTAyLTIuNDEzLTIuNzYzdi0uMDM4YzAtMS42NjEgMS4wOTUtMi43NjMgMi40MTMtMi43NjMgMS4zMTkgMCAyLjQzMyAxLjEwMiAyLjQzMyAyLjc2M3YuMDM4YzAgMS42OC0xLjExNCAyLjc2My0yLjQzMyAyLjc2M3pNMTcuMjkgNTcuOTYzYzIuMTU0IDAgMy44MDYtMS4wMDkgMy44MDYtMy4yM3YtLjAzOGMwLTEuODMtMS42MTUtMi41MDItMy4wMDctMi45NjgtMS4wNzctLjM3NC0yLjAyNC0uNjM1LTIuMDI0LTEuMTk1di0uMDM4YzAtLjM5Mi4zNTItLjY5IDEuMDQtLjY5LjU5NCAwIDEuMzU1LjI0MiAyLjE1My42MzQuMTg2LjA5NC4zMTYuMTMxLjUyLjEzMS42MzEgMCAxLjEzMy0uNDg1IDEuMTMzLTEuMTIgMC0uNDg2LS4yNi0uODYtLjY2OS0xLjA2NC0uOTY1LS40ODYtMi4wNDItLjc2Ni0zLjA4Mi0uNzY2LTIuMDA1IDAtMy42NCAxLjEzOS0zLjY0IDMuMTc0di4wMzdjMCAxLjk0MiAxLjU4IDIuNTk2IDIuOTcyIDMuMDA2IDEuMDk1LjMzNiAyLjA2LjU0MiAyLjA2IDEuMTU4di4wMzdjMCAuNDQ4LS4zNy43NDctMS4xODguNzQ3LS43OTggMC0xLjc0NS0uMjk5LTIuNjkyLS44OTZhMS4wNzggMS4wNzggMCAwMC0uNTU3LS4xNWMtLjYzMSAwLTEuMTE0LjQ4Ni0xLjExNCAxLjEyIDAgLjQ0OS4yNDEuNzg1LjUzOC45NzJhNi45MDggNi45MDggMCAwMDMuNzUxIDEuMTM5em04LjE3Ny0uMDE5Yy42MTIgMCAxLjA5NS0uMDc1IDEuNjE1LS4yOC4zOS0uMTUuNzI0LS41Ni43MjQtMS4wNjRhMS4xOCAxLjE4IDAgMDAtMS4xNy0xLjE3N2MtLjA1NSAwLS4yNDEuMDItLjMzNC4wMi0uNjMxIDAtLjkxLS4zMTgtLjkxLS45NzJ2LTQuMjc1aDEuMjQ0Yy42NjkgMCAxLjIwNy0uNTQyIDEuMjA3LTEuMjE0IDAtLjY3Mi0uNTM4LTEuMjE0LTEuMjA3LTEuMjE0aC0xLjI0NHYtMS4yNWMwLS43ODUtLjYzMS0xLjQyLTEuNDEtMS40Mi0uNzggMC0xLjQxMi42MzUtMS40MTIgMS40MnYxLjI1aC0uMDkzYy0uNjY4IDAtMS4yMDcuNTQyLTEuMjA3IDEuMjE0IDAgLjY3Mi41MzkgMS4yMTQgMS4yMDcgMS4yMTRoLjA5M3Y0Ljc0MmMwIDIuMzE1IDEuMTcgMy4wMDYgMi44OTcgMy4wMDZ6bTYuODIuMDE5YzEuNDMgMCAyLjI2Ni0uNzY2IDIuOTE2LTEuNjA2di4xMTJjMCAuNzg0LjYzIDEuNDE5IDEuNDEgMS40MTkuNzggMCAxLjQxMi0uNjM1IDEuNDEyLTEuNDE5di03LjM5NGMwLS43ODQtLjYzMS0xLjQxOS0xLjQxMS0xLjQxOXMtMS40MTEuNjM1LTEuNDExIDEuNDJ2NC4yNzVjMCAxLjM0NC0uNjg3IDIuMDM1LTEuNzY0IDIuMDM1cy0xLjcwOS0uNjktMS43MDktMi4wMzV2LTQuMjc2YzAtLjc4NC0uNjMtMS40MTktMS40MS0xLjQxOS0uNzggMC0xLjQxMi42MzUtMS40MTIgMS40MnY1LjE3MWMwIDIuMjk3IDEuMjQ0IDMuNzE2IDMuMzggMy43MTZ6bTExLjUxOSAwYzEuNDY3IDAgMi40MTQtLjY5MSAzLjEtMS42MjV2LjEzMWMwIC43ODQuNjMyIDEuNDE5IDEuNDEyIDEuNDE5Ljc4IDAgMS40MTEtLjYzNSAxLjQxMS0xLjQxOVY0NS40NTNjMC0uNzg0LS42MzEtMS40MTktMS40MTEtMS40MTlzLTEuNDExLjYzNS0xLjQxMSAxLjQydjMuNjIxYy0uNjY5LS44MDItMS41OTctMS40OTMtMy4xMDEtMS40OTMtMi4zNTggMC00LjUzIDEuODMtNC41MyA1LjE3MnYuMDM3YzAgMy4zNDIgMi4yMSA1LjE3MiA0LjUzIDUuMTcyem0uNzI0LTIuNDA5Yy0xLjMxOCAwLTIuNDMyLTEuMTAxLTIuNDMyLTIuNzYzdi0uMDM3YzAtMS42OCAxLjExNC0yLjc2NCAyLjQzMi0yLjc2NCAxLjMxOCAwIDIuNDE0IDEuMTAyIDIuNDE0IDIuNzY0di4wMzdjMCAxLjY2Mi0xLjA5NiAyLjc2My0yLjQxNCAyLjc2M3ptOC40MzctOC43OTRjLjg5IDAgMS41NzgtLjUyMyAxLjU3OC0xLjM0NHYtLjAzN2MwLS44MjItLjY4Ny0xLjMyNi0xLjU3OC0xLjMyNi0uODkyIDAtMS41NzkuNTA0LTEuNTc5IDEuMzI2di4wMzdjMCAuODIxLjY4NyAxLjM0NCAxLjU3OSAxLjM0NHptMCAxMS4xMjhjLjc4IDAgMS40MS0uNjM1IDEuNDEtMS40MTl2LTcuMzk0YzAtLjc4NC0uNjMtMS40MTktMS40MS0xLjQxOS0uNzggMC0xLjQxMi42MzUtMS40MTIgMS40MnY3LjM5M2MwIC43ODQuNjMyIDEuNDE5IDEuNDEyIDEuNDE5em04LjEyLjExMmMzLjEwMSAwIDUuNDAzLTIuMzM0IDUuNDAzLTUuMjF2LS4wMzZjMC0yLjg3Ni0yLjI4My01LjE3Mi01LjM2Ni01LjE3Mi0zLjEgMC01LjQwMyAyLjMzNC01LjQwMyA1LjIwOXYuMDM3YzAgMi44NzUgMi4yODQgNS4xNzIgNS4zNjYgNS4xNzJ6bS4wMzctMi40NDZjLTEuNTYgMC0yLjYxOC0xLjI4OC0yLjYxOC0yLjc2M3YtLjAzN2MwLTEuNDc1Ljk2Ni0yLjcyNiAyLjU4MS0yLjcyNiAxLjU2IDAgMi42MTggMS4yODggMi42MTggMi43NjN2LjAzN2MwIDEuNDc1LS45NjUgMi43MjYtMi41OCAyLjcyNnptMTAuMDcgMi40MDljMi4xNTQgMCAzLjgwNy0xLjAwOSAzLjgwNy0zLjIzdi0uMDM4YzAtMS44My0xLjYxNS0yLjUwMi0zLjAwOC0yLjk2OC0xLjA3Ny0uMzc0LTIuMDI0LS42MzUtMi4wMjQtMS4xOTV2LS4wMzhjMC0uMzkyLjM1My0uNjkgMS4wNC0uNjkuNTk0IDAgMS4zNTUuMjQyIDIuMTU0LjYzNC4xODUuMDk0LjMxNS4xMzEuNTIuMTMxLjYzMSAwIDEuMTMyLS40ODUgMS4xMzItMS4xMiAwLS40ODYtLjI2LS44Ni0uNjY4LTEuMDY0LS45NjYtLjQ4Ni0yLjA0My0uNzY2LTMuMDgyLS43NjYtMi4wMDYgMC0zLjY0IDEuMTM5LTMuNjQgMy4xNzR2LjAzN2MwIDEuOTQyIDEuNTc5IDIuNTk2IDIuOTcxIDMuMDA2IDEuMDk2LjMzNiAyLjA2MS41NDIgMi4wNjEgMS4xNTh2LjAzN2MwIC40NDgtLjM3MS43NDctMS4xODguNzQ3LS43OTkgMC0xLjc0NS0uMjk5LTIuNjkyLS44OTZhMS4wNzggMS4wNzggMCAwMC0uNTU3LS4xNWMtLjYzMiAwLTEuMTE0LjQ4Ni0xLjExNCAxLjEyIDAgLjQ0OS4yNC43ODUuNTM4Ljk3MmE2LjkwOCA2LjkwOCAwIDAwMy43NSAxLjEzOXoiLz48L2c+PC9zdmc+	f	f	4	2	2	2022-03-12 16:56:50	1	3
6	5	PHN2ZyB4bWxucz0iaHR0cDovL3d3dy53My5vcmcvMjAwMC9zdmciIHhtbG5zOnhsaW5rPSJodHRwOi8vd3d3LnczLm9yZy8xOTk5L3hsaW5rIiB3aWR0aD0iODgiIGhlaWdodD0iODgiPjxkZWZzPjxmaWx0ZXIgaWQ9ImIiIHdpZHRoPSIxMzkuOCUiIGhlaWdodD0iMTM5LjglIiB4PSItMTkuOSUiIHk9Ii0xOS45JSIgZmlsdGVyVW5pdHM9Im9iamVjdEJvdW5kaW5nQm94Ij48ZmVHYXVzc2lhbkJsdXIgaW49IlNvdXJjZUFscGhhIiByZXN1bHQ9InNoYWRvd0JsdXJJbm5lcjEiIHN0ZERldmlhdGlvbj0iMTcuNSIvPjxmZU9mZnNldCBpbj0ic2hhZG93Qmx1cklubmVyMSIgcmVzdWx0PSJzaGFkb3dPZmZzZXRJbm5lcjEiLz48ZmVDb21wb3NpdGUgaW49InNoYWRvd09mZnNldElubmVyMSIgaW4yPSJTb3VyY2VBbHBoYSIgazI9Ii0xIiBrMz0iMSIgb3BlcmF0b3I9ImFyaXRobWV0aWMiIHJlc3VsdD0ic2hhZG93SW5uZXJJbm5lcjEiLz48ZmVDb2xvck1hdHJpeCBpbj0ic2hhZG93SW5uZXJJbm5lcjEiIHZhbHVlcz0iMCAwIDAgMCAwIDAgMCAwIDAgMCAwIDAgMCAwIDAgMCAwIDAgMC4wNDUyNjMzMzA0IDAiLz48L2ZpbHRlcj48Y2lyY2xlIGlkPSJhIiBjeD0iNDQiIGN5PSI0NCIgcj0iNDQiLz48L2RlZnM+PGcgZmlsbD0ibm9uZSIgZmlsbC1ydWxlPSJldmVub2RkIj48dXNlIGZpbGw9IiM4RDE1NTgiIHhsaW5rOmhyZWY9IiNhIi8+PHVzZSBmaWxsPSIjMDAwIiBmaWx0ZXI9InVybCgjYikiIHhsaW5rOmhyZWY9IiNhIi8+PHBhdGggZmlsbD0iI0ZGRiIgZmlsbC1ydWxlPSJub256ZXJvIiBkPSJNMTQuNDExIDQzLjg1NGMuNzggMCAxLjQxMS0uNjM1IDEuNDExLTEuNDJWMzEuNDJjMC0uNzg0LS42MzEtMS40MTktMS40MS0xLjQxOS0uNzggMC0xLjQxMi42MzUtMS40MTIgMS40MTl2MTEuMDE2YzAgLjc4NC42MzEgMS40MTkgMS40MTEgMS40MTl6bTguMTIuMTEyYzMuMTAyIDAgNS40MDQtMi4zMzQgNS40MDQtNS4yMXYtLjAzN2MwLTIuODc1LTIuMjg0LTUuMTcyLTUuMzY2LTUuMTcyLTMuMSAwLTUuNDAzIDIuMzM0LTUuNDAzIDUuMjF2LjAzN2MwIDIuODc1IDIuMjg0IDUuMTcyIDUuMzY2IDUuMTcyem0uMDM4LTIuNDQ2Yy0xLjU2IDAtMi42MTgtMS4yODgtMi42MTgtMi43NjN2LS4wMzhjMC0xLjQ3NS45NjUtMi43MjYgMi41OC0yLjcyNiAxLjU2IDAgMi42MTkgMS4yODkgMi42MTkgMi43NjR2LjAzN2MwIDEuNDc1LS45NjYgMi43MjYtMi41ODEgMi43MjZ6bTExLjQ2MyAyLjQ0NmMzLjEgMCA1LjQwMy0yLjMzNCA1LjQwMy01LjIxdi0uMDM3YzAtMi44NzUtMi4yODQtNS4xNzItNS4zNjYtNS4xNzItMy4xIDAtNS40MDMgMi4zMzQtNS40MDMgNS4yMXYuMDM3YzAgMi44NzUgMi4yODQgNS4xNzIgNS4zNjYgNS4xNzJ6bS4wMzctMi40NDZjLTEuNTYgMC0yLjYxOC0xLjI4OC0yLjYxOC0yLjc2M3YtLjAzOGMwLTEuNDc1Ljk2NS0yLjcyNiAyLjU4LTIuNzI2IDEuNTYgMCAyLjYxOSAxLjI4OSAyLjYxOSAyLjc2NHYuMDM3YzAgMS40NzUtLjk2NiAyLjcyNi0yLjU4MSAyLjcyNnptNy45OSA1LjMyMWMuNzggMCAxLjQxMi0uNjM1IDEuNDEyLTEuNDE5di0yLjk4N2MuNjY4LjgwMyAxLjU5NyAxLjQ5MyAzLjEgMS40OTMgMi4zNTkgMCA0LjUzMS0xLjgzIDQuNTMxLTUuMTcxdi0uMDM4YzAtMy4zNDItMi4yMS01LjE3Mi00LjUzLTUuMTcyLTEuNDY3IDAtMi40MTQuNjkxLTMuMTAxIDEuNjI1di0uMTNjMC0uNzg1LS42MzEtMS40Mi0xLjQxMS0xLjQycy0xLjQxMS42MzUtMS40MTEgMS40MnYxMC4zOGMwIC43ODQuNjMgMS40MiAxLjQxIDEuNDJ6bTMuNzg4LTUuMzIxYy0xLjMxOCAwLTIuNDEzLTEuMTAyLTIuNDEzLTIuNzYzdi0uMDM4YzAtMS42NjEgMS4wOTUtMi43NjMgMi40MTMtMi43NjMgMS4zMTkgMCAyLjQzMyAxLjEwMiAyLjQzMyAyLjc2M3YuMDM4YzAgMS42OC0xLjExNCAyLjc2My0yLjQzMyAyLjc2M3pNMTcuMjkgNTcuOTYzYzIuMTU0IDAgMy44MDYtMS4wMDkgMy44MDYtMy4yM3YtLjAzOGMwLTEuODMtMS42MTUtMi41MDItMy4wMDctMi45NjgtMS4wNzctLjM3NC0yLjAyNC0uNjM1LTIuMDI0LTEuMTk1di0uMDM4YzAtLjM5Mi4zNTItLjY5IDEuMDQtLjY5LjU5NCAwIDEuMzU1LjI0MiAyLjE1My42MzQuMTg2LjA5NC4zMTYuMTMxLjUyLjEzMS42MzEgMCAxLjEzMy0uNDg1IDEuMTMzLTEuMTIgMC0uNDg2LS4yNi0uODYtLjY2OS0xLjA2NC0uOTY1LS40ODYtMi4wNDItLjc2Ni0zLjA4Mi0uNzY2LTIuMDA1IDAtMy42NCAxLjEzOS0zLjY0IDMuMTc0di4wMzdjMCAxLjk0MiAxLjU4IDIuNTk2IDIuOTcyIDMuMDA2IDEuMDk1LjMzNiAyLjA2LjU0MiAyLjA2IDEuMTU4di4wMzdjMCAuNDQ4LS4zNy43NDctMS4xODguNzQ3LS43OTggMC0xLjc0NS0uMjk5LTIuNjkyLS44OTZhMS4wNzggMS4wNzggMCAwMC0uNTU3LS4xNWMtLjYzMSAwLTEuMTE0LjQ4Ni0xLjExNCAxLjEyIDAgLjQ0OS4yNDEuNzg1LjUzOC45NzJhNi45MDggNi45MDggMCAwMDMuNzUxIDEuMTM5em04LjE3Ny0uMDE5Yy42MTIgMCAxLjA5NS0uMDc1IDEuNjE1LS4yOC4zOS0uMTUuNzI0LS41Ni43MjQtMS4wNjRhMS4xOCAxLjE4IDAgMDAtMS4xNy0xLjE3N2MtLjA1NSAwLS4yNDEuMDItLjMzNC4wMi0uNjMxIDAtLjkxLS4zMTgtLjkxLS45NzJ2LTQuMjc1aDEuMjQ0Yy42NjkgMCAxLjIwNy0uNTQyIDEuMjA3LTEuMjE0IDAtLjY3Mi0uNTM4LTEuMjE0LTEuMjA3LTEuMjE0aC0xLjI0NHYtMS4yNWMwLS43ODUtLjYzMS0xLjQyLTEuNDEtMS40Mi0uNzggMC0xLjQxMi42MzUtMS40MTIgMS40MnYxLjI1aC0uMDkzYy0uNjY4IDAtMS4yMDcuNTQyLTEuMjA3IDEuMjE0IDAgLjY3Mi41MzkgMS4yMTQgMS4yMDcgMS4yMTRoLjA5M3Y0Ljc0MmMwIDIuMzE1IDEuMTcgMy4wMDYgMi44OTcgMy4wMDZ6bTYuODIuMDE5YzEuNDMgMCAyLjI2Ni0uNzY2IDIuOTE2LTEuNjA2di4xMTJjMCAuNzg0LjYzIDEuNDE5IDEuNDEgMS40MTkuNzggMCAxLjQxMi0uNjM1IDEuNDEyLTEuNDE5di03LjM5NGMwLS43ODQtLjYzMS0xLjQxOS0xLjQxMS0xLjQxOXMtMS40MTEuNjM1LTEuNDExIDEuNDJ2NC4yNzVjMCAxLjM0NC0uNjg3IDIuMDM1LTEuNzY0IDIuMDM1cy0xLjcwOS0uNjktMS43MDktMi4wMzV2LTQuMjc2YzAtLjc4NC0uNjMtMS40MTktMS40MS0xLjQxOS0uNzggMC0xLjQxMi42MzUtMS40MTIgMS40MnY1LjE3MWMwIDIuMjk3IDEuMjQ0IDMuNzE2IDMuMzggMy43MTZ6bTExLjUxOSAwYzEuNDY3IDAgMi40MTQtLjY5MSAzLjEtMS42MjV2LjEzMWMwIC43ODQuNjMyIDEuNDE5IDEuNDEyIDEuNDE5Ljc4IDAgMS40MTEtLjYzNSAxLjQxMS0xLjQxOVY0NS40NTNjMC0uNzg0LS42MzEtMS40MTktMS40MTEtMS40MTlzLTEuNDExLjYzNS0xLjQxMSAxLjQydjMuNjIxYy0uNjY5LS44MDItMS41OTctMS40OTMtMy4xMDEtMS40OTMtMi4zNTggMC00LjUzIDEuODMtNC41MyA1LjE3MnYuMDM3YzAgMy4zNDIgMi4yMSA1LjE3MiA0LjUzIDUuMTcyem0uNzI0LTIuNDA5Yy0xLjMxOCAwLTIuNDMyLTEuMTAxLTIuNDMyLTIuNzYzdi0uMDM3YzAtMS42OCAxLjExNC0yLjc2NCAyLjQzMi0yLjc2NCAxLjMxOCAwIDIuNDE0IDEuMTAyIDIuNDE0IDIuNzY0di4wMzdjMCAxLjY2Mi0xLjA5NiAyLjc2My0yLjQxNCAyLjc2M3ptOC40MzctOC43OTRjLjg5IDAgMS41NzgtLjUyMyAxLjU3OC0xLjM0NHYtLjAzN2MwLS44MjItLjY4Ny0xLjMyNi0xLjU3OC0xLjMyNi0uODkyIDAtMS41NzkuNTA0LTEuNTc5IDEuMzI2di4wMzdjMCAuODIxLjY4NyAxLjM0NCAxLjU3OSAxLjM0NHptMCAxMS4xMjhjLjc4IDAgMS40MS0uNjM1IDEuNDEtMS40MTl2LTcuMzk0YzAtLjc4NC0uNjMtMS40MTktMS40MS0xLjQxOS0uNzggMC0xLjQxMi42MzUtMS40MTIgMS40MnY3LjM5M2MwIC43ODQuNjMyIDEuNDE5IDEuNDEyIDEuNDE5em04LjEyLjExMmMzLjEwMSAwIDUuNDAzLTIuMzM0IDUuNDAzLTUuMjF2LS4wMzZjMC0yLjg3Ni0yLjI4My01LjE3Mi01LjM2Ni01LjE3Mi0zLjEgMC01LjQwMyAyLjMzNC01LjQwMyA1LjIwOXYuMDM3YzAgMi44NzUgMi4yODQgNS4xNzIgNS4zNjYgNS4xNzJ6bS4wMzctMi40NDZjLTEuNTYgMC0yLjYxOC0xLjI4OC0yLjYxOC0yLjc2M3YtLjAzN2MwLTEuNDc1Ljk2Ni0yLjcyNiAyLjU4MS0yLjcyNiAxLjU2IDAgMi42MTggMS4yODggMi42MTggMi43NjN2LjAzN2MwIDEuNDc1LS45NjUgMi43MjYtMi41OCAyLjcyNnptMTAuMDcgMi40MDljMi4xNTQgMCAzLjgwNy0xLjAwOSAzLjgwNy0zLjIzdi0uMDM4YzAtMS44My0xLjYxNS0yLjUwMi0zLjAwOC0yLjk2OC0xLjA3Ny0uMzc0LTIuMDI0LS42MzUtMi4wMjQtMS4xOTV2LS4wMzhjMC0uMzkyLjM1My0uNjkgMS4wNC0uNjkuNTk0IDAgMS4zNTUuMjQyIDIuMTU0LjYzNC4xODUuMDk0LjMxNS4xMzEuNTIuMTMxLjYzMSAwIDEuMTMyLS40ODUgMS4xMzItMS4xMiAwLS40ODYtLjI2LS44Ni0uNjY4LTEuMDY0LS45NjYtLjQ4Ni0yLjA0My0uNzY2LTMuMDgyLS43NjYtMi4wMDYgMC0zLjY0IDEuMTM5LTMuNjQgMy4xNzR2LjAzN2MwIDEuOTQyIDEuNTc5IDIuNTk2IDIuOTcxIDMuMDA2IDEuMDk2LjMzNiAyLjA2MS41NDIgMi4wNjEgMS4xNTh2LjAzN2MwIC40NDgtLjM3MS43NDctMS4xODguNzQ3LS43OTkgMC0xLjc0NS0uMjk5LTIuNjkyLS44OTZhMS4wNzggMS4wNzggMCAwMC0uNTU3LS4xNWMtLjYzMiAwLTEuMTE0LjQ4Ni0xLjExNCAxLjEyIDAgLjQ0OS4yNC43ODUuNTM4Ljk3MmE2LjkwOCA2LjkwOCAwIDAwMy43NSAxLjEzOXoiLz48L2c+PC9zdmc+	f	f	5	3	3	2022-03-12 16:56:50	1	4
7	6	PHN2ZyB4bWxucz0iaHR0cDovL3d3dy53My5vcmcvMjAwMC9zdmciIHhtbG5zOnhsaW5rPSJodHRwOi8vd3d3LnczLm9yZy8xOTk5L3hsaW5rIiB3aWR0aD0iODgiIGhlaWdodD0iODgiPjxkZWZzPjxmaWx0ZXIgaWQ9ImIiIHdpZHRoPSIxMzkuOCUiIGhlaWdodD0iMTM5LjglIiB4PSItMTkuOSUiIHk9Ii0xOS45JSIgZmlsdGVyVW5pdHM9Im9iamVjdEJvdW5kaW5nQm94Ij48ZmVHYXVzc2lhbkJsdXIgaW49IlNvdXJjZUFscGhhIiByZXN1bHQ9InNoYWRvd0JsdXJJbm5lcjEiIHN0ZERldmlhdGlvbj0iMTcuNSIvPjxmZU9mZnNldCBpbj0ic2hhZG93Qmx1cklubmVyMSIgcmVzdWx0PSJzaGFkb3dPZmZzZXRJbm5lcjEiLz48ZmVDb21wb3NpdGUgaW49InNoYWRvd09mZnNldElubmVyMSIgaW4yPSJTb3VyY2VBbHBoYSIgazI9Ii0xIiBrMz0iMSIgb3BlcmF0b3I9ImFyaXRobWV0aWMiIHJlc3VsdD0ic2hhZG93SW5uZXJJbm5lcjEiLz48ZmVDb2xvck1hdHJpeCBpbj0ic2hhZG93SW5uZXJJbm5lcjEiIHZhbHVlcz0iMCAwIDAgMCAwIDAgMCAwIDAgMCAwIDAgMCAwIDAgMCAwIDAgMC4wNDUyNjMzMzA0IDAiLz48L2ZpbHRlcj48Y2lyY2xlIGlkPSJhIiBjeD0iNDQiIGN5PSI0NCIgcj0iNDQiLz48L2RlZnM+PGcgZmlsbD0ibm9uZSIgZmlsbC1ydWxlPSJldmVub2RkIj48dXNlIGZpbGw9IiMxOUFDREUiIHhsaW5rOmhyZWY9IiNhIi8+PHVzZSBmaWxsPSIjMDAwIiBmaWx0ZXI9InVybCgjYikiIHhsaW5rOmhyZWY9IiNhIi8+PHBhdGggZmlsbD0iI0ZGRiIgZmlsbC1ydWxlPSJub256ZXJvIiBkPSJNMjIuMzk1IDQ3LjkxOWMwLTIuNzQtNC41MzItMi40MjQtNC41MzItMy4zOSAwLS4yNy4yOS0uNDEyLjY0My0uNDEyLjU3OCAwIC44ODQuMjg1Ljg4NC43NmgzLjE2NmMuMDY0LTEuNzU4LTEuMzY2LTMuMi00LjAzNC0zLjItMi4zOTUgMC0zLjkzOCAxLjI1Mi0zLjkzOCAyLjg1MiAwIDIuOTQ2IDQuNDY4IDIuNDQgNC40NjggMy40NTMgMCAuMjM4LS4zMDUuNDI4LS42NzUuNDI4LS41NDYgMC0uOTMyLS4yMzgtLjkxNi0uNzc2aC0zLjQyM2MtLjMyMiAxLjkgMS40NDYgMy4yIDQuMDUgMy4yIDIuNDc1IDAgNC4zMDctMS4wMyA0LjMwNy0yLjkxNXptLjY1MSAyLjgwNGgzLjU2OGwuODUyLTQuNzUzdi4wMTZjLjE2LS44NTUuNzIzLTEuMzc4IDEuNTEtMS4zNzguNzcyIDAgMS4xOS41MjMgMS4wMyAxLjM3OGwtLjg1MiA0LjczN2gzLjU1MmwuOTMyLTUuMThjLjQxOC0yLjMxMy0uNTQ3LTMuODE4LTIuNjM2LTMuODE4LTEuMzUgMC0yLjM3OS42NS0zLjAyMiAxLjQxTDI4LjcyIDM5aC0zLjU2OGwtMi4xMDYgMTEuNzIzem0yMC45OTktNS4yOTFjMC0yLjI4Mi0xLjY1Ni0zLjc1NS00LjA2Ny0zLjc1NS0zLjI2MiAwLTUuNzA1IDIuMjgxLTUuNzA1IDUuNDE4IDAgMi4yODEgMS42NTUgMy43MzkgNC4wNjYgMy43MzkgMy4yNjMgMCA1LjcwNi0yLjIzNCA1LjcwNi01LjQwMnptLTYuMTA4IDEuMjgzYzAtLjkwMy41MTUtMS45OTYgMS40OTUtMS45OTYuNTMgMCAuOTQ4LjMzMi45NDggMS4wNzcgMCAuOTAzLS41MTQgMS45OTYtMS40OTUgMS45OTYtLjU0NiAwLS45NDgtLjMzMy0uOTQ4LTEuMDc3em0xMC4zNTkuMzQ4Yy4yMjUtMS4yMi45NjQtMS41ODQgMi4yNS0xLjU4NGgxLjAxM2wuNjU4LTMuNzU0Yy0xLjE3MyAwLTIuMzc4LjcxMy0zLjI2MiAxLjcxbC4yOS0xLjY0N2gtMy41NjlsLTEuNjA3IDguOTM1aDMuNTY4bC42NTktMy42NnptNC4zIDBjLS41IDIuNzczLjk0NyAzLjY2IDMuMDY5IDMuNjZoMS4zNWwuNTQ3LTIuOTk0aC0uODUyYy0uNDY2IDAtLjYyNy0uMTktLjU2My0uNjAybC40MzQtMi40MDhoMS40NzlsLjUzLTIuOTNoLTEuNDc4bC4zODUtMi4xNTVINTMuOTNsLS4zODYgMi4xNTRoLTEuMTI1bC0uNTMgMi45M2gxLjEyNWwtLjQxOCAyLjM0NXptNS41ODQgMy42NmgzLjU2OEw2My44NTQgMzloLTMuNTY4TDU4LjE4IDUwLjcyM3ptNy44NjgtLjQ0NGwtMi4yNS04LjQ5aDMuOTdsLjg4MyA0LjUzIDIuNDExLTQuNTNINzVMNjYuODM1IDU1SDYyLjkzbDMuMTE4LTQuNzJ6Ii8+PC9nPjwvc3ZnPg==	f	f	6	1	3	2022-03-12 16:56:50	1	3
8	7	PHN2ZyB4bWxucz0iaHR0cDovL3d3dy53My5vcmcvMjAwMC9zdmciIHhtbG5zOnhsaW5rPSJodHRwOi8vd3d3LnczLm9yZy8xOTk5L3hsaW5rIiB3aWR0aD0iODgiIGhlaWdodD0iODgiPjxkZWZzPjxmaWx0ZXIgaWQ9ImIiIHdpZHRoPSIxMzkuOCUiIGhlaWdodD0iMTM5LjglIiB4PSItMTkuOSUiIHk9Ii0xOS45JSIgZmlsdGVyVW5pdHM9Im9iamVjdEJvdW5kaW5nQm94Ij48ZmVHYXVzc2lhbkJsdXIgaW49IlNvdXJjZUFscGhhIiByZXN1bHQ9InNoYWRvd0JsdXJJbm5lcjEiIHN0ZERldmlhdGlvbj0iMTcuNSIvPjxmZU9mZnNldCBpbj0ic2hhZG93Qmx1cklubmVyMSIgcmVzdWx0PSJzaGFkb3dPZmZzZXRJbm5lcjEiLz48ZmVDb21wb3NpdGUgaW49InNoYWRvd09mZnNldElubmVyMSIgaW4yPSJTb3VyY2VBbHBoYSIgazI9Ii0xIiBrMz0iMSIgb3BlcmF0b3I9ImFyaXRobWV0aWMiIHJlc3VsdD0ic2hhZG93SW5uZXJJbm5lcjEiLz48ZmVDb2xvck1hdHJpeCBpbj0ic2hhZG93SW5uZXJJbm5lcjEiIHZhbHVlcz0iMCAwIDAgMCAwIDAgMCAwIDAgMCAwIDAgMCAwIDAgMCAwIDAgMC4wNDUyNjMzMzA0IDAiLz48L2ZpbHRlcj48Y2lyY2xlIGlkPSJhIiBjeD0iNDQiIGN5PSI0NCIgcj0iNDQiLz48L2RlZnM+PGcgZmlsbD0ibm9uZSIgZmlsbC1ydWxlPSJldmVub2RkIj48dXNlIGZpbGw9IiM0MDM2NDYiIHhsaW5rOmhyZWY9IiNhIi8+PHVzZSBmaWxsPSIjMDAwIiBmaWx0ZXI9InVybCgjYikiIHhsaW5rOmhyZWY9IiNhIi8+PHBhdGggZmlsbD0iI0YzRDNDQSIgZmlsbC1ydWxlPSJub256ZXJvIiBkPSJNMTYgNDAuMTEyaDEuODAxdjguNzY1SDE2di04Ljc2NXptNC4wNzEgMGgxLjc5bDUuNSAyLjg2di0yLjg2aDEuNzl2OC43NjVoLTEuNzl2LTQuMDJsLTUuNS0yLjg0NHY2Ljg2NGgtMS43OXYtOC43NjV6TTMyLjA2IDQ2LjI3Yy4zMi4xOC42NDQuMzQxLjk3NC40ODVhNy44MjUgNy44MjUgMCAwMDIuMTQuNTkyYy4zOS4wNTIuODA1LjA3OCAxLjI0NS4wNzguNTMgMCAuOTgzLS4wMzQgMS4zNTUtLjEwMy4zNzMtLjA3LjY3Ny0uMTY1LjkxMi0uMjg2LjIzNi0uMTIyLjQwNy0uMjY3LjUxNC0uNDM1LjEwNy0uMTY4LjE2MS0uMzUxLjE2MS0uNTVhLjg3MS44NzEgMCAwMC0uNC0uNzU0Yy0uMjY4LS4xODUtLjY4LS4yNzctMS4yMzctLjI3Ny0uMjQ1IDAtLjUwMy4wMTYtLjc3NC4wNDdsLS40MDkuMDUtLjQxMy4wNTRjLS4yNzYuMDM3LS41NS4wNzItLjgxOS4xMDQtLjI2OS4wMzItLjUyMi4wNDctLjc1OS4wNDctLjM5NSAwLS43NzUtLjA1LTEuMTM4LS4xNWEzLjAyIDMuMDIgMCAwMS0uOTY1LS40NTUgMi4yNTQgMi4yNTQgMCAwMS0uNjctLjc1NyAyLjE3NCAyLjE3NCAwIDAxLS4yNDgtMS4wNmMwLS4yNC4wMzMtLjQ3Ny4wOTktLjcxMi4wNjYtLjIzNi4xNzEtLjQ2LjMxNi0uNjc2YTIuNzUgMi43NSAwIDAxLjU2Mi0uNiAzLjM3IDMuMzcgMCAwMS44MzMtLjQ4IDUuNTEgNS41MSAwIDAxMS4xMy0uMzE2QTguMzI3IDguMzI3IDAgMDEzNS45MjcgNDBjLjM5NSAwIC43OTIuMDIxIDEuMTkxLjA2NC40LjA0My43ODguMTA0IDEuMTY2LjE4My4zNzkuMDc4Ljc0My4xNzMgMS4wOTMuMjgzLjM1LjExLjY3Ni4yMzMuOTc3LjM2N2wtLjc4NSAxLjQzNmE4LjQ0IDguNDQgMCAwMC0uODAyLS4zIDkuNTEzIDkuNTEzIDAgMDAtLjg5OC0uMjM5Yy0uMzEyLS4wNjctLjYzNS0uMTItLjk2OC0uMTZhOC43MDUgOC43MDUgMCAwMC0xLjAyLS4wNThjLS40OTMgMC0uODk4LjAzNS0xLjIxNi4xMDZhMi42NzUgMi42NzUgMCAwMC0uNzYuMjcyYy0uMTg4LjExLS4zMTkuMjM0LS4zOTIuMzdhLjg1Mi44NTIgMCAwMC0uMTEuNDA3YzAgLjI2Mi4xMTguNDc2LjM1NS42NDIuMjM4LjE2Ni41OTkuMjUgMS4wODUuMjUuMTk1IDAgLjQyLS4wMTUuNjc0LS4wNDNsLjM5MS0uMDQ0LjQxMS0uMDQ4Yy4yOC0uMDM0LjU2Ny0uMDY1Ljg1OS0uMDkzLjI5MS0uMDI4LjU3NS0uMDQyLjg1LS4wNDIuNTE5IDAgLjk4LjA1OCAxLjM4LjE3NC40MDEuMTE2LjczNy4yODEgMS4wMDguNDk2LjI3MS4yMTUuNDc2LjQ3NS42MTYuNzguMTM5LjMwNC4yMDkuNjQ2LjIwOSAxLjAyMyAwIC41MDUtLjExOC45NTQtLjM1MyAxLjM0OS0uMjM2LjM5NC0uNTcuNzI3LTEuMDA2Ljk5OC0uNDM0LjI3LS45NTkuNDc3LTEuNTcyLjYxN2E5LjIyIDkuMjIgMCAwMS0yLjA1LjIxIDExLjI4OCAxMS4yODggMCAwMS0yLjgyLS4zNTZjLS40MzUtLjExNC0uODUtLjI1LTEuMjQzLS40MWE5LjA5IDkuMDkgMCAwMS0xLjA5My0uNTI0bC45NTUtMS40NHptMTAuODItNi4xNTdoMS43OXY0LjgyOGMwIC4zOTYuMDU0Ljc0OS4xNjMgMS4wNTcuMTEuMzA5LjI3Mi41Ny40ODguNzgyLjIxNy4yMTQuNDg1LjM3NS44MDUuNDg1LjMyLjExLjY5My4xNjYgMS4xMTguMTY2LjQyMiAwIC43OTQtLjA1NSAxLjExNS0uMTY2LjMyMi0uMTEuNTkxLS4yNzEuODA4LS40ODVhMi4wMyAyLjAzIDAgMDAuNDg4LS43ODJjLjExLS4zMDguMTY0LS42Ni4xNjQtMS4wNTd2LTQuODI4aDEuNzl2NS4wNDFjMCAuNTc2LS4wOTggMS4xLS4yOTMgMS41Ny0uMTk2LjQ3MS0uNDguODc1LS44NTMgMS4yMTItLjM3My4zMzYtLjgzLjU5Ni0xLjM3Ljc3OS0uNTQuMTgzLTEuMTU2LjI3NS0xLjg0OS4yNzUtLjY5MyAwLTEuMzA5LS4wOTItMS44NS0uMjc1YTMuODY2IDMuODY2IDAgMDEtMS4zNjktLjc4IDMuMzM0IDMuMzM0IDAgMDEtLjg1Mi0xLjIxIDQuMDU0IDQuMDU0IDAgMDEtLjI5NC0xLjU3di01LjA0MnptMTAuOTA5IDBoNC40OWMuNjc3IDAgMS4yNjQuMDcgMS43Ni4yMS40OTguMTQuOTEuMzQzIDEuMjM4LjYwOS4zMjcuMjY1LjU3LjU4OS43My45Ny4xNi4zODEuMjQuODEzLjI0IDEuMjk1IDAgLjMyNS0uMDM5LjYzNS0uMTE4LjkyOC0uMDc5LjI5NC0uMi41NjQtLjM2NC44MWEyLjc3IDIuNzcgMCAwMS0uNjE4LjY2IDMuMzcgMy4zNyAwIDAxLS44NzYuNDc5bDEuOTIgMi44MDRoLTIuMTlsLTEuNjYtMi40OS0yLjc2Mi0uMDA2djIuNDk2aC0xLjc5di04Ljc2NXptNC41MzQgNC43MzNjLjM0IDAgLjYzNi0uMDQuODktLjExOC4yNTQtLjA3OC40NjYtLjE4OS42MzgtLjMzLjE3MS0uMTQzLjI5OS0uMzE2LjM4NC0uNTIuMDg0LS4yMDMuMTI3LS40My4xMjctLjY4IDAtLjQ5LS4xNy0uODY5LS41MDgtMS4xMzYtLjM0LS4yNjgtLjg1LS40MDEtMS41My0uNDAxaC0yLjc0NXYzLjE4NWgyLjc0NHptNi4wNDItNC43MzNoNy41MTZ2MS41NTloLTUuNzI2djEuNzVoNS4wNzF2MS40NjNoLTUuMDd2Mi40NEg3MnYxLjU1M2gtNy42MzV2LTguNzY1eiIvPjwvZz48L3N2Zz4=	f	f	3	1	3	2022-03-12 16:56:50	1	1
9	2	PHN2ZyB4bWxucz0iaHR0cDovL3d3dy53My5vcmcvMjAwMC9zdmciIHhtbG5zOnhsaW5rPSJodHRwOi8vd3d3LnczLm9yZy8xOTk5L3hsaW5rIiB3aWR0aD0iODgiIGhlaWdodD0iODgiPjxkZWZzPjxmaWx0ZXIgaWQ9ImIiIHdpZHRoPSIxMzkuOCUiIGhlaWdodD0iMTM5LjglIiB4PSItMTkuOSUiIHk9Ii0xOS45JSIgZmlsdGVyVW5pdHM9Im9iamVjdEJvdW5kaW5nQm94Ij48ZmVHYXVzc2lhbkJsdXIgaW49IlNvdXJjZUFscGhhIiByZXN1bHQ9InNoYWRvd0JsdXJJbm5lcjEiIHN0ZERldmlhdGlvbj0iMTcuNSIvPjxmZU9mZnNldCBpbj0ic2hhZG93Qmx1cklubmVyMSIgcmVzdWx0PSJzaGFkb3dPZmZzZXRJbm5lcjEiLz48ZmVDb21wb3NpdGUgaW49InNoYWRvd09mZnNldElubmVyMSIgaW4yPSJTb3VyY2VBbHBoYSIgazI9Ii0xIiBrMz0iMSIgb3BlcmF0b3I9ImFyaXRobWV0aWMiIHJlc3VsdD0ic2hhZG93SW5uZXJJbm5lcjEiLz48ZmVDb2xvck1hdHJpeCBpbj0ic2hhZG93SW5uZXJJbm5lcjEiIHZhbHVlcz0iMCAwIDAgMCAwIDAgMCAwIDAgMCAwIDAgMCAwIDAgMCAwIDAgMC4wNDUyNjMzMzA0IDAiLz48L2ZpbHRlcj48Y2lyY2xlIGlkPSJhIiBjeD0iNDQiIGN5PSI0NCIgcj0iNDQiLz48L2RlZnM+PGcgZmlsbD0ibm9uZSIgZmlsbC1ydWxlPSJldmVub2RkIj48dXNlIGZpbGw9IiNGMzYwM0MiIHhsaW5rOmhyZWY9IiNhIi8+PHVzZSBmaWxsPSIjMDAwIiBmaWx0ZXI9InVybCgjYikiIHhsaW5rOmhyZWY9IiNhIi8+PGcgZmlsbD0iI0ZGRiIgdHJhbnNmb3JtPSJ0cmFuc2xhdGUoMTMgMzkpIj48cGF0aCBmaWxsLXJ1bGU9Im5vbnplcm8iIGQ9Ik0xNi44MDYgNy4wMDR2LTMuNDRjMC0uNjU3LjE1NC0xLjE3NS40NjEtMS41NTUuMzA4LS4zNzkuNjkzLS41NjggMS4xNTUtLjU2OC45MDcgMCAxLjM2LjY1NyAxLjM2IDEuOTcxdjMuNTkyaDEuNTg4VjMuMDEyYzAtMS4wMDYtLjIxLTEuNzU5LS42MzEtMi4yNTctLjQyLS40OTktMS4wMjItLjc0OC0xLjgwNC0uNzQ4LS41MTMgMC0uOTgyLjA5OC0xLjQwOC4yOTMtLjQyNS4xOTUtLjc4My40NzktMS4wNzUuODUxaC0uMDI4Yy0uNDExLS43NjMtMS4xLTEuMTQ0LTIuMDY3LTEuMTQ0LS40MDcgMC0uNzk4LjA5LTEuMTc1LjI3MmEyLjkyNiAyLjkyNiAwIDAwLS45ODkuNzgzaC0uMDJWLjExaC0xLjU4OXY2Ljg4N2gxLjU4OFYzLjU2NGMwLS42NTcuMTU3LTEuMTc1LjQ2OS0xLjU1NS4zMTItLjM3OS43MS0uNTY4IDEuMTk2LS41NjguOTIgMCAxLjM4LjY1NyAxLjM4IDEuOTcxdjMuNTkyaDEuNTg5em04Ljg2Mi4xMDNjLjk0NCAwIDEuNjc5LS4zNDUgMi4yMDYtMS4wMzRoLjAyMXYuOTI0aDEuNTE5Vi4xMWgtMS41ODh2LjgyOGgtLjAyOGMtLjUyNy0uNjItMS4yNDItLjkzMS0yLjE0My0uOTMxYTMuMjgyIDMuMjgyIDAgMDAtMi4zODcgMS4wMDZjLS4yOTYuMzEzLS41My42OTItLjcgMS4xMzhhMy45NjcgMy45NjcgMCAwMC0uMjU3IDEuNDM0YzAgLjUyMy4wODYgMS4wMDYuMjU3IDEuNDQ3LjE3LjQ0MS40MDQuODE0LjcgMS4xMTcuMjk2LjMwMy42NTEuNTM5IDEuMDY1LjcwNmEzLjUyIDMuNTIgMCAwMDEuMzM1LjI1MnptLjI1LTEuNDM0Yy0uNTg3IDAtMS4wNjYtLjE5NC0xLjQzNi0uNTgyLS4zNy0uMzg5LS41NTUtLjg4OC0uNTU1LTEuNSAwLS42NDguMTkxLTEuMTY4LjU3My0xLjU2LjM4MS0uMzk0Ljg1Ni0uNTkgMS40MjUtLjU5LjU2NCAwIDEuMDMyLjIwNSAxLjQwNS42MTcuMzcyLjQxMS41NTguOTIyLjU1OCAxLjUzMyAwIC42MTItLjE5IDEuMTExLS41NzIgMS41YTEuODg1IDEuODg1IDAgMDEtMS4zOTguNTgyem0xMS4zODcgMS4zM3YtNC4wNmMwLS45OTctLjIyNS0xLjczNi0uNjc2LTIuMjE2LS40NS0uNDgtMS4wNzQtLjcyLTEuODctLjcyLS40NTIgMC0uODguMDktMS4yODMuMjY5YTIuOTIgMi45MiAwIDAwLTEuMDQuNzc5aC0uMDJWLjExaC0xLjU5djYuODg3aDEuNTl2LTMuNDZjMC0uNjYyLjE2Mi0xLjE3Ny40ODgtMS41NDUuMzI2LS4zNjcuNzYyLS41NTEgMS4zMDgtLjU1MS4yNSAwIC40NjMuMDMyLjY0MS4wOTYuMTc4LjA2NS4zMzQuMTcuNDY5LjMxNC4xMzQuMTQ1LjIzMy4zNDEuMjk4LjU5LjA2NS4yNDcuMDk3LjU1LjA5Ny45MXYzLjY1M2gxLjU4OHptNC4yOTIuMTA0Yy45NDMgMCAxLjY3OC0uMzQ1IDIuMjA1LTEuMDM0aC4wMjF2LjkyNGgxLjUyVi4xMWgtMS41OXYuODI4aC0uMDI3QzQzLjIuMzE4IDQyLjQ4NS4wMDYgNDEuNTgzLjAwNmEzLjI4MiAzLjI4MiAwIDAwLTIuMzg2IDEuMDA2Yy0uMjk2LjMxMy0uNTMuNjkyLS43IDEuMTM4YTMuOTY3IDMuOTY3IDAgMDAtLjI1OCAxLjQzNGMwIC41MjMuMDg2IDEuMDA2LjI1NyAxLjQ0Ny4xNzEuNDQxLjQwNS44MTQuNyAxLjExNy4yOTcuMzAzLjY1Mi41MzkgMS4wNjUuNzA2YTMuNTIgMy41MiAwIDAwMS4zMzYuMjUyem0uMjUtMS40MzRjLS41ODggMC0xLjA2Ni0uMTk0LTEuNDM2LS41ODItLjM3LS4zODktLjU1NS0uODg4LS41NTUtMS41IDAtLjY0OC4xOS0xLjE2OC41NzItMS41Ni4zODEtLjM5NC44NTctLjU5IDEuNDI1LS41OS41NjQgMCAxLjAzMy4yMDUgMS40MDUuNjE3LjM3Mi40MTEuNTU4LjkyMi41NTggMS41MzMgMCAuNjEyLS4xOSAxLjExMS0uNTcyIDEuNWExLjg4NSAxLjg4NSAwIDAxLTEuMzk4LjU4MnptOC4wMDkgNC4yMTljLjUwNCAwIC45NTUtLjA1OSAxLjM1Mi0uMTc2LjM5OC0uMTE3LjczMi0uMjggMS4wMDMtLjQ5LjI3LS4yMDguNDk0LS40NjUuNjcyLS43NjguMTc4LS4zMDMuMzA3LS42MzQuMzg1LS45OTIuMDc5LS4zNTkuMTE4LS43NTIuMTE4LTEuMThWLjExaC0xLjU4OHYuNzI0aC0uMDI4YTIuOTY4IDIuOTY4IDAgMDAtLjk4OC0uNjJBMy4yMjMgMy4yMjMgMCAwMDQ5LjYyIDBjLS42MzQgMC0xLjIwMy4xNS0xLjcwNy40NDhhMy4wOSAzLjA5IDAgMDAtMS4xNzUgMS4yNDRjLS4yOC41MzEtLjQyIDEuMTI3LS40MiAxLjc5IDAgLjY3LjE0NyAxLjI2NS40NCAxLjc4NS4yOTQuNTE5LjY5OC45MTggMS4yMSAxLjE5NmEzLjU4MiAzLjU4MiAwIDAwMS43MzUuNDE3Yy44NiAwIDEuNTYtLjI4IDIuMTAyLS44NDFoLjAyOHYuNzNjMCAuNDg3LS4xOC44OTItLjU0MiAxLjIxNC0uMzYuMzIxLS44NjkuNDgyLTEuNTI2LjQ4Mi0uNDQ4IDAtLjg0Mi0uMDU1LTEuMTgyLS4xNjVhNy42MjcgNy42MjcgMCAwMS0xLjE3Ni0uNTE3bC0uMzc0IDEuMzkyYy4zODguMjMuODI1LjQwNyAxLjMxLjUzLjQ4Ni4xMjUuOTkuMTg3IDEuNTEzLjE4N3ptLjA1NS00LjQ2N2MtLjU3MyAwLTEuMDQ2LS4xOC0xLjQxOC0uNTQxLS4zNzMtLjM2LS41NTktLjg0NC0uNTU5LTEuNDUxIDAtLjU4NC4xODMtMS4wNi41NDgtMS40MjcuMzY2LS4zNjguODQyLS41NTEgMS40My0uNTUxLjU1OSAwIDEuMDI1LjE4MSAxLjM5Ny41NDQuMzcyLjM2My41NTguODM0LjU1OCAxLjQxMyAwIC41ODQtLjE4MSAxLjA2NS0uNTQ0IDEuNDQ0LS4zNjMuMzgtLjgzNC41Ny0xLjQxMi41N3ptOC4wMTYgMS42ODJjLjY0OCAwIDEuMjE4LS4xMTcgMS43MS0uMzUxYTMuMzM0IDMuMzM0IDAgMDAxLjIxLS45NTJsLTEuMTEtLjk0NGMtLjQzNC41NDItMS4wMS44MTMtMS43MjYuODEzLS41MSAwLS45NC0uMTQtMS4yOTQtLjQyLS4zNTQtLjI4LS41ODItLjY2NC0uNjgzLTEuMTUxaDUuMDVjLjAyNy0uMTY2LjA0MS0uMzc1LjA0MS0uNjI4IDAtLjY2Ni0uMTM2LTEuMjYxLS40MS0xLjc4NUEzLjAxIDMuMDEgMCAwMDU5LjUzOC40NTVDNTkuMDIzLjE1NiA1OC40My4wMDcgNTcuNzYuMDA3Yy0uNDc2IDAtLjkyMy4wODYtMS4zMzkuMjU4YTMuMTg3IDMuMTg3IDAgMDAtMS4wNzUuNzJjLS4zLjMwOS0uNTM2LjY4My0uNzA4IDEuMTI0YTMuOTUxIDMuOTUxIDAgMDAtLjI1NiAxLjQ0MWMwIC43MDMuMTU1IDEuMzI3LjQ2NSAxLjg3Mi4zMS41NDQuNzMyLjk2MSAxLjI2OSAxLjI1LjUzNi4yOSAxLjE0LjQzNSAxLjgxLjQzNXptMS42MDMtNC4yOEg1Ni4wNmMuMTExLS40NDIuMzI2LS43ODMuNjQ2LTEuMDI0LjMxOS0uMjQyLjY5OC0uMzYyIDEuMTM3LS4zNjIuNDQ0IDAgLjgxLjEyNCAxLjEuMzcyLjI4OS4yNDguNDg0LjU4Ni41ODYgMS4wMTN6Ii8+PHBhdGggZD0iTTEuMTcgNC4yODZjLjY0NiAwIDEuMTcuNTMzIDEuMTcgMS4xOWExLjE4IDEuMTggMCAwMS0xLjE3IDEuMTlBMS4xOCAxLjE4IDAgMDEwIDUuNDc3YzAtLjY1Ny41MjQtMS4xOSAxLjE3LTEuMTl6TTEuMTcgMGMuNjQ2IDAgMS4xNy41MzMgMS4xNyAxLjE5YTEuMTggMS4xOCAwIDAxLTEuMTcgMS4xOTFBMS4xOCAxLjE4IDAgMDEwIDEuMTkxQzAgLjUzMi41MjQgMCAxLjE3IDB6bTQuMjEyIDBjLjY0NiAwIDEuMTcuNTMzIDEuMTcgMS4xOWExLjE4IDEuMTggMCAwMS0xLjE3IDEuMTkxIDEuMTggMS4xOCAwIDAxLTEuMTctMS4xOUM0LjIxMi41MzIgNC43MzYgMCA1LjM4MiAweiIvPjxlbGxpcHNlIGN4PSI1LjM4MiIgY3k9IjUuNTI0IiBvcGFjaXR5PSIuNSIgcng9IjEuMTciIHJ5PSIxLjE5Ii8+PC9nPjwvZz48L3N2Zz4=	f	f	7	2	2	2022-03-12 16:56:50	1	3
10	1	PHN2ZyB4bWxucz0iaHR0cDovL3d3dy53My5vcmcvMjAwMC9zdmciIHhtbG5zOnhsaW5rPSJodHRwOi8vd3d3LnczLm9yZy8xOTk5L3hsaW5rIiB3aWR0aD0iODgiIGhlaWdodD0iODgiPjxkZWZzPjxsaW5lYXJHcmFkaWVudCBpZD0iYyIgeDE9IjAlIiB4Mj0iNTAlIiB5MT0iNzguMTI1JSIgeTI9IjIxLjg3NSUiPjxzdG9wIG9mZnNldD0iMCUiIHN0b3AtY29sb3I9IiNGRkM1OTMiLz48c3RvcCBvZmZzZXQ9IjUxLjk0NSUiIHN0b3AtY29sb3I9IiNCQzcxOTgiLz48c3RvcCBvZmZzZXQ9IjEwMCUiIHN0b3AtY29sb3I9IiM1QTc3RkYiLz48L2xpbmVhckdyYWRpZW50PjxmaWx0ZXIgaWQ9ImIiIHdpZHRoPSIxMzkuOCUiIGhlaWdodD0iMTM5LjglIiB4PSItMTkuOSUiIHk9Ii0xOS45JSIgZmlsdGVyVW5pdHM9Im9iamVjdEJvdW5kaW5nQm94Ij48ZmVHYXVzc2lhbkJsdXIgaW49IlNvdXJjZUFscGhhIiByZXN1bHQ9InNoYWRvd0JsdXJJbm5lcjEiIHN0ZERldmlhdGlvbj0iMTcuNSIvPjxmZU9mZnNldCBpbj0ic2hhZG93Qmx1cklubmVyMSIgcmVzdWx0PSJzaGFkb3dPZmZzZXRJbm5lcjEiLz48ZmVDb21wb3NpdGUgaW49InNoYWRvd09mZnNldElubmVyMSIgaW4yPSJTb3VyY2VBbHBoYSIgazI9Ii0xIiBrMz0iMSIgb3BlcmF0b3I9ImFyaXRobWV0aWMiIHJlc3VsdD0ic2hhZG93SW5uZXJJbm5lcjEiLz48ZmVDb2xvck1hdHJpeCBpbj0ic2hhZG93SW5uZXJJbm5lcjEiIHZhbHVlcz0iMCAwIDAgMCAwIDAgMCAwIDAgMCAwIDAgMCAwIDAgMCAwIDAgMC4wNDUyNjMzMzA0IDAiLz48L2ZpbHRlcj48Y2lyY2xlIGlkPSJhIiBjeD0iNDQiIGN5PSI0NCIgcj0iNDQiLz48L2RlZnM+PGcgZmlsbD0ibm9uZSIgZmlsbC1ydWxlPSJldmVub2RkIj48dXNlIGZpbGw9IiMwMDAiIHhsaW5rOmhyZWY9IiNhIi8+PHVzZSBmaWxsPSIjMDAwIiBmaWx0ZXI9InVybCgjYikiIHhsaW5rOmhyZWY9IiNhIi8+PHBhdGggZmlsbD0iI0ZGRiIgZmlsbC1ydWxlPSJub256ZXJvIiBkPSJNMjQuNTMzIDQ2LjgzOHYtMS43MDNoMS4wMDhjLjMxMiAwIC41OTctLjA1Ljg1NS0uMTUuMjU4LS4xLjQ3OS0uMjQuNjYyLS40MTcuMTgzLS4xNzkuMzI1LS4zODguNDI3LS42MjkuMTAyLS4yNC4xNTQtLjUwNC4xNTQtLjc5YTIuMDEgMi4wMSAwIDAwLS4xNTQtLjc4NyAxLjkwMiAxLjkwMiAwIDAwLS40MjctLjYzMiAxLjkzNSAxLjkzNSAwIDAwLS42NjItLjQxOGMtLjI1OC0uMS0uNTQzLS4xNS0uODU1LS4xNUgyM3Y1LjY3NmgxLjUzM3ptLjkyNy0zLjA4MWgtLjkyN1Y0Mi41NGguOTI3YS42My42MyAwIDAxLjQ2LjE4Mi41NzkuNTc5IDAgMDEwIC44NTEuNjMuNjMgMCAwMS0uNDYuMTgzem00LjY4IDMuMDhWNDQuNjVoMi4wNTZ2Mi4xODloMS41MzN2LTUuNjc2aC0xLjUzM3YyLjEwOEgzMC4xNHYtMi4xMDhoLTEuNTMydjUuNjc2aDEuNTMyem03LjcwMy4xNjNhMy4yIDMuMiAwIDAwMi4yMzktLjg5MmMuMjgyLS4yNzYuNTA0LS41OTQuNjY1LS45NTcuMTYyLS4zNjIuMjQyLS43NDYuMjQyLTEuMTUxcy0uMDgtLjc5LS4yNDItMS4xNTFhMy4wNzIgMy4wNzIgMCAwMC0xLjY2NS0xLjYxQTMuMiAzLjIgMCAwMDM3Ljg0MyA0MWMtLjQ0NiAwLS44Ni4wOC0xLjI0Mi4yNC0uMzgyLjE1OS0uNzE0LjM3Ni0uOTk2LjY1MmEzLjA3MiAzLjA3MiAwIDAwLS42NjYuOTU3QTIuNzk4IDIuNzk4IDAgMDAzNC42OTcgNDRjMCAuNDA1LjA4Ljc5LjI0MiAxLjE1MS4xNjEuMzYzLjM4My42ODEuNjY2Ljk1Ny4yODIuMjc2LjYxNC40OTMuOTk2LjY1My4zODIuMTYuNzk2LjIzOSAxLjI0Mi4yMzl6bTAtMS4zNzhjLS4yMiAwLS40MjctLjA0LS42Mi0uMTIyYTEuNDcgMS40NyAwIDAxLS41MDEtLjM0IDEuNjI0IDEuNjI0IDAgMDEtLjMzLS41MTVBMS42ODcgMS42ODcgMCAwMTM2LjI3IDQ0YzAtLjIzMi4wNC0uNDQ3LjEyMS0uNjQ1LjA4LS4xOTcuMTkxLS4zNjkuMzMtLjUxNC4xNC0uMTQ2LjMwNy0uMjYuNTAxLS4zNDEuMTk0LS4wODEuNC0uMTIyLjYyMS0uMTIyLjIyIDAgLjQyNi4wNC42MTcuMTIyLjE5MS4wODEuMzU4LjE5NS41LjM0LjE0My4xNDYuMjU1LjMxOC4zMzUuNTE1LjA4MS4xOTguMTIxLjQxMy4xMjEuNjQ1IDAgLjIzMi0uMDQuNDQ3LS4xMi42NDVhMS41OSAxLjU5IDAgMDEtLjMzNS41MTRjLS4xNDMuMTQ2LS4zMS4yNi0uNS4zNDEtLjE5Mi4wODEtLjM5Ny4xMjItLjYxOC4xMjJ6bTYuNzM2IDEuMjE2VjQyLjU0aDEuNTczdi0xLjM3OWgtNC42Nzl2MS4zNzloMS41NzN2NC4yOTdoMS41MzN6bTUuMjAzLjE2MmEzLjIgMy4yIDAgMDAyLjIzOS0uODkyYy4yODItLjI3Ni41MDQtLjU5NC42NjUtLjk1Ny4xNjItLjM2Mi4yNDItLjc0Ni4yNDItMS4xNTFzLS4wOC0uNzktLjI0Mi0xLjE1MWEzLjA3MiAzLjA3MiAwIDAwLTEuNjY1LTEuNjFBMy4yIDMuMiAwIDAwNDkuNzgyIDQxYy0uNDQ2IDAtLjg2LjA4LTEuMjQyLjI0LS4zODIuMTU5LS43MTQuMzc2LS45OTYuNjUyYTMuMDcyIDMuMDcyIDAgMDAtLjY2Ni45NTdBMi43OTggMi43OTggMCAwMDQ2LjYzNiA0NGMwIC40MDUuMDguNzkuMjQyIDEuMTUxLjE2Mi4zNjMuMzgzLjY4MS42NjYuOTU3LjI4Mi4yNzYuNjE0LjQ5My45OTYuNjUzLjM4Mi4xNi43OTYuMjM5IDEuMjQyLjIzOXptMC0xLjM3OGMtLjIyIDAtLjQyNy0uMDQtLjYyLS4xMjJhMS40NyAxLjQ3IDAgMDEtLjUwMS0uMzQgMS42MjQgMS42MjQgMCAwMS0uMzMtLjUxNSAxLjY4NyAxLjY4NyAwIDAxLS4xMjItLjY0NWMwLS4yMzIuMDQtLjQ0Ny4xMjEtLjY0NS4wODEtLjE5Ny4xOTEtLjM2OS4zMzEtLjUxNC4xNC0uMTQ2LjMwNy0uMjYuNS0uMzQxLjE5NC0uMDgxLjQtLjEyMi42MjEtLjEyMi4yMiAwIC40MjcuMDQuNjE3LjEyMi4xOTEuMDgxLjM1OC4xOTUuNS4zNC4xNDMuMTQ2LjI1NS4zMTguMzM1LjUxNS4wODEuMTk4LjEyMS40MTMuMTIxLjY0NSAwIC4yMzItLjA0LjQ0Ny0uMTIuNjQ1YTEuNTkgMS41OSAwIDAxLS4zMzUuNTE0Yy0uMTQzLjE0Ni0uMzEuMjYtLjUuMzQxLS4xOTEuMDgxLS4zOTcuMTIyLS42MTguMTIyek01NS42NzIgNDdjLjM1NCAwIC42NzEtLjA1Ljk1MS0uMTUuMjgtLjEuNTE2LS4yMzUuNzEtLjQwNWExLjcxIDEuNzEgMCAwMC41OTctMS4zMWMwLS4zMy0uMDY1LS42LS4xOTQtLjgxLS4xMjktLjIxMS0uMjktLjM4Mi0uNDg0LS41MTFhMi41OTkgMi41OTkgMCAwMC0uNjMzLS4zMDlsLS42MzMtLjIxYTIuODAzIDIuODAzIDAgMDEtLjQ4NC0uMjA3Yy0uMTMtLjA3My0uMTk0LS4xNzQtLjE5NC0uMzA0IDAtLjEyNS4wNTUtLjIzNy4xNjYtLjMzN2EuNjMuNjMgMCAwMS40NC0uMTVjLjE0IDAgLjI2NS4wMjMuMzc4LjA3LjExMy4wNDUuMjEuMDk4LjI5LjE1Ny4wOTguMDY1LjE4NC4xMzguMjU5LjIybC44ODctLjkzM2EyLjA3NyAyLjA3NyAwIDAwLS40NzYtLjQwNiAyLjg1MiAyLjg1MiAwIDAwLS42MTMtLjI4IDIuNzc4IDIuNzc4IDAgMDAtLjg4Ny0uMTI1Yy0uMzIzIDAtLjYxNi4wNDktLjg4LjE0NmEyLjEzNSAyLjEzNSAwIDAwLS42NzMuMzljLS4xODYuMTYxLS4zMy4zNDgtLjQzMi41NTktLjEwMi4yMS0uMTUzLjQyNy0uMTUzLjY0OCAwIC4zMy4wNjUuNi4xOTQuODExLjEyOS4yMS4yOS4zODEuNDg0LjUxLjE5My4xMy40MDQuMjMzLjYzMy4zMDlsLjYzMy4yMWMuMTk0LjA2Ni4zNTUuMTM1LjQ4NC4yMDguMTMuMDczLjE5NC4xNzQuMTk0LjMwNGEuNTY4LjU2OCAwIDAxLS4xOTQuNDI1Yy0uMTI5LjEyMi0uMzA2LjE4My0uNTMyLjE4My0uMTgzIDAtLjM0OC0uMDMxLS40OTYtLjA5NGEyLjAzNiAyLjAzNiAwIDAxLS4zODMtLjIwNiAyIDIgMCAwMS0uMzMxLS4zMDhsLS44ODguOTMyYy4xNjIuMTg0LjM1My4zNDYuNTczLjQ4Ny4xODguMTI0LjQyMi4yMzYuNzAyLjMzNi4yOC4xLjYwOC4xNS45ODQuMTV6bTQuNjc4LS4xNjJ2LTMuMTYybDIuNDI4IDMuMTYyaDEuMzIzdi01LjY3NmgtMS41MzN2My4xNjJsLTIuNDItMy4xNjJoLTEuMzN2NS42NzZoMS41MzJ6bTYuMDUgMGwuNDA0LTEuMjE2aDEuODU1bC40MDMgMS4yMTZoMS42NTRsLTIuMTM4LTUuNjc2aC0xLjY5NGwtMi4xMzcgNS42NzZINjYuNHptMS44NTYtMi40MzNoLTEuMDQ5bC41MjQtMS42NjIuNTI1IDEuNjYyem00LjYzOCAyLjQzM3YtMS43MDNoMS4wMDljLjMxMiAwIC41OTctLjA1Ljg1NS0uMTUuMjU4LS4xLjQ3OC0uMjQuNjYxLS40MTcuMTgzLS4xNzkuMzI2LS4zODguNDI4LS42MjkuMTAyLS4yNC4xNTMtLjUwNC4xNTMtLjc5YTIuMDEgMi4wMSAwIDAwLS4xNTMtLjc4NyAxLjkwMiAxLjkwMiAwIDAwLS40MjgtLjYzMiAxLjkzNSAxLjkzNSAwIDAwLS42NjEtLjQxOGMtLjI1OC0uMS0uNTQzLS4xNS0uODU1LS4xNUg3MS4zNnY1LjY3NmgxLjUzM3ptLjkyOC0zLjA4MWgtLjkyOFY0Mi41NGguOTI4YS42My42MyAwIDAxLjQ2LjE4Mi41NzkuNTc5IDAgMDEwIC44NTEuNjMuNjMgMCAwMS0uNDYuMTgzeiIvPjxwYXRoIGZpbGw9InVybCgjYykiIGQ9Ik0wIDZsNC02IDQgNnoiIHRyYW5zZm9ybT0idHJhbnNsYXRlKDEyIDQxKSIvPjwvZz48L3N2Zz4=	f	f	8	1	3	2022-03-12 16:56:50	2	3
\.


--
-- TOC entry 3071 (class 0 OID 25006)
-- Dependencies: 221
-- Data for Name: job_language; Type: TABLE DATA; Schema: public; Owner: postgres
--

COPY public.job_language (id, job_id, language_id) FROM stdin;
1	1	1
2	1	2
3	1	3
4	2	4
5	3	3
6	4	2
7	4	3
8	5	3
9	6	5
10	7	1
11	7	3
12	8	3
13	9	3
14	9	4
15	10	3
\.


--
-- TOC entry 3073 (class 0 OID 25024)
-- Dependencies: 223
-- Data for Name: job_tool; Type: TABLE DATA; Schema: public; Owner: postgres
--

COPY public.job_tool (id, job_id, tool_id) FROM stdin;
1	2	1
2	3	1
3	3	2
4	5	3
5	5	2
6	6	4
7	7	2
8	8	5
9	8	2
10	9	6
11	10	1
12	10	2
\.


--
-- TOC entry 3053 (class 0 OID 24897)
-- Dependencies: 203
-- Data for Name: language; Type: TABLE DATA; Schema: public; Owner: postgres
--

COPY public.language (id, name) FROM stdin;
1	HTML
2	CSS
3	JavaScript
4	Python
5	Ruby
\.


--
-- TOC entry 3061 (class 0 OID 24929)
-- Dependencies: 211
-- Data for Name: level; Type: TABLE DATA; Schema: public; Owner: postgres
--

COPY public.level (id, name) FROM stdin;
1	Senior
2	Midweight
3	Junior
\.


--
-- TOC entry 3057 (class 0 OID 24913)
-- Dependencies: 207
-- Data for Name: location; Type: TABLE DATA; Schema: public; Owner: postgres
--

COPY public.location (id, name) FROM stdin;
1	USA Only
2	Remote
3	Worldwide
4	UK Only
\.


--
-- TOC entry 3051 (class 0 OID 24578)
-- Dependencies: 201
-- Data for Name: migrations; Type: TABLE DATA; Schema: public; Owner: postgres
--

COPY public.migrations (id, migration, batch) FROM stdin;
23	2022_03_06_091020_create_language_table	1
24	2022_03_06_091021_create_tool_table	1
25	2022_03_06_091022_create_location_table	1
26	2022_03_06_091023_create_contract_table	1
27	2022_03_06_091024_create_level_table	1
28	2022_03_06_091025_create_position_table	1
29	2022_03_06_091026_create_role_table	1
30	2022_03_06_091027_create_company_table	1
31	2022_03_06_091028_create_job_table	1
32	2022_03_06_091030_create_job_language_table	1
33	2022_03_06_091031_create_job_tool_table	1
\.


--
-- TOC entry 3063 (class 0 OID 24938)
-- Dependencies: 213
-- Data for Name: position; Type: TABLE DATA; Schema: public; Owner: postgres
--

COPY public."position" (id, name) FROM stdin;
1	Senior Frontend Developer
2	Fullstack Developer
3	Junior Frontend Developer
4	Software Engineer
5	Junior Backend Developer
6	Junior Developer
7	Full Stack Engineer
8	Front-end Dev
\.


--
-- TOC entry 3065 (class 0 OID 24946)
-- Dependencies: 215
-- Data for Name: role; Type: TABLE DATA; Schema: public; Owner: postgres
--

COPY public.role (id, name) FROM stdin;
1	Frontend
2	Fullstack
3	Backend
\.


--
-- TOC entry 3055 (class 0 OID 24905)
-- Dependencies: 205
-- Data for Name: tool; Type: TABLE DATA; Schema: public; Owner: postgres
--

COPY public.tool (id, name) FROM stdin;
1	React
2	Sass
3	Ruby
4	RoR
5	Vue
6	Django
\.


--
-- TOC entry 3092 (class 0 OID 0)
-- Dependencies: 216
-- Name: company_id_seq; Type: SEQUENCE SET; Schema: public; Owner: postgres
--

SELECT pg_catalog.setval('public.company_id_seq', 7, true);


--
-- TOC entry 3093 (class 0 OID 0)
-- Dependencies: 208
-- Name: contract_id_seq; Type: SEQUENCE SET; Schema: public; Owner: postgres
--

SELECT pg_catalog.setval('public.contract_id_seq', 3, true);


--
-- TOC entry 3094 (class 0 OID 0)
-- Dependencies: 218
-- Name: job_id_seq; Type: SEQUENCE SET; Schema: public; Owner: postgres
--

SELECT pg_catalog.setval('public.job_id_seq', 10, true);


--
-- TOC entry 3095 (class 0 OID 0)
-- Dependencies: 220
-- Name: job_language_id_seq; Type: SEQUENCE SET; Schema: public; Owner: postgres
--

SELECT pg_catalog.setval('public.job_language_id_seq', 15, true);


--
-- TOC entry 3096 (class 0 OID 0)
-- Dependencies: 222
-- Name: job_tool_id_seq; Type: SEQUENCE SET; Schema: public; Owner: postgres
--

SELECT pg_catalog.setval('public.job_tool_id_seq', 12, true);


--
-- TOC entry 3097 (class 0 OID 0)
-- Dependencies: 202
-- Name: language_id_seq; Type: SEQUENCE SET; Schema: public; Owner: postgres
--

SELECT pg_catalog.setval('public.language_id_seq', 5, true);


--
-- TOC entry 3098 (class 0 OID 0)
-- Dependencies: 210
-- Name: level_id_seq; Type: SEQUENCE SET; Schema: public; Owner: postgres
--

SELECT pg_catalog.setval('public.level_id_seq', 3, true);


--
-- TOC entry 3099 (class 0 OID 0)
-- Dependencies: 206
-- Name: location_id_seq; Type: SEQUENCE SET; Schema: public; Owner: postgres
--

SELECT pg_catalog.setval('public.location_id_seq', 4, true);


--
-- TOC entry 3100 (class 0 OID 0)
-- Dependencies: 200
-- Name: migrations_id_seq; Type: SEQUENCE SET; Schema: public; Owner: postgres
--

SELECT pg_catalog.setval('public.migrations_id_seq', 33, true);


--
-- TOC entry 3101 (class 0 OID 0)
-- Dependencies: 212
-- Name: position_id_seq; Type: SEQUENCE SET; Schema: public; Owner: postgres
--

SELECT pg_catalog.setval('public.position_id_seq', 8, true);


--
-- TOC entry 3102 (class 0 OID 0)
-- Dependencies: 214
-- Name: role_id_seq; Type: SEQUENCE SET; Schema: public; Owner: postgres
--

SELECT pg_catalog.setval('public.role_id_seq', 3, true);


--
-- TOC entry 3103 (class 0 OID 0)
-- Dependencies: 204
-- Name: tool_id_seq; Type: SEQUENCE SET; Schema: public; Owner: postgres
--

SELECT pg_catalog.setval('public.tool_id_seq', 6, true);


--
-- TOC entry 2901 (class 2606 OID 24960)
-- Name: company company_pkey; Type: CONSTRAINT; Schema: public; Owner: postgres
--

ALTER TABLE ONLY public.company
    ADD CONSTRAINT company_pkey PRIMARY KEY (id);


--
-- TOC entry 2891 (class 2606 OID 24926)
-- Name: contract contract_pkey; Type: CONSTRAINT; Schema: public; Owner: postgres
--

ALTER TABLE ONLY public.contract
    ADD CONSTRAINT contract_pkey PRIMARY KEY (id);


--
-- TOC entry 2907 (class 2606 OID 25011)
-- Name: job_language job_language_pkey; Type: CONSTRAINT; Schema: public; Owner: postgres
--

ALTER TABLE ONLY public.job_language
    ADD CONSTRAINT job_language_pkey PRIMARY KEY (id);


--
-- TOC entry 2904 (class 2606 OID 24971)
-- Name: job job_pkey; Type: CONSTRAINT; Schema: public; Owner: postgres
--

ALTER TABLE ONLY public.job
    ADD CONSTRAINT job_pkey PRIMARY KEY (id);


--
-- TOC entry 2909 (class 2606 OID 25029)
-- Name: job_tool job_tool_pkey; Type: CONSTRAINT; Schema: public; Owner: postgres
--

ALTER TABLE ONLY public.job_tool
    ADD CONSTRAINT job_tool_pkey PRIMARY KEY (id);


--
-- TOC entry 2885 (class 2606 OID 24902)
-- Name: language language_pkey; Type: CONSTRAINT; Schema: public; Owner: postgres
--

ALTER TABLE ONLY public.language
    ADD CONSTRAINT language_pkey PRIMARY KEY (id);


--
-- TOC entry 2894 (class 2606 OID 24934)
-- Name: level level_pkey; Type: CONSTRAINT; Schema: public; Owner: postgres
--

ALTER TABLE ONLY public.level
    ADD CONSTRAINT level_pkey PRIMARY KEY (id);


--
-- TOC entry 2889 (class 2606 OID 24918)
-- Name: location location_pkey; Type: CONSTRAINT; Schema: public; Owner: postgres
--

ALTER TABLE ONLY public.location
    ADD CONSTRAINT location_pkey PRIMARY KEY (id);


--
-- TOC entry 2883 (class 2606 OID 24583)
-- Name: migrations migrations_pkey; Type: CONSTRAINT; Schema: public; Owner: postgres
--

ALTER TABLE ONLY public.migrations
    ADD CONSTRAINT migrations_pkey PRIMARY KEY (id);


--
-- TOC entry 2896 (class 2606 OID 24943)
-- Name: position position_pkey; Type: CONSTRAINT; Schema: public; Owner: postgres
--

ALTER TABLE ONLY public."position"
    ADD CONSTRAINT position_pkey PRIMARY KEY (id);


--
-- TOC entry 2899 (class 2606 OID 24951)
-- Name: role role_pkey; Type: CONSTRAINT; Schema: public; Owner: postgres
--

ALTER TABLE ONLY public.role
    ADD CONSTRAINT role_pkey PRIMARY KEY (id);


--
-- TOC entry 2887 (class 2606 OID 24910)
-- Name: tool tool_pkey; Type: CONSTRAINT; Schema: public; Owner: postgres
--

ALTER TABLE ONLY public.tool
    ADD CONSTRAINT tool_pkey PRIMARY KEY (id);


--
-- TOC entry 2902 (class 1259 OID 24973)
-- Name: job_level_id_index; Type: INDEX; Schema: public; Owner: postgres
--

CREATE INDEX job_level_id_index ON public.job USING btree (level_id);


--
-- TOC entry 2905 (class 1259 OID 24972)
-- Name: job_role_id_index; Type: INDEX; Schema: public; Owner: postgres
--

CREATE INDEX job_role_id_index ON public.job USING btree (role_id);


--
-- TOC entry 2892 (class 1259 OID 24935)
-- Name: level_name_index; Type: INDEX; Schema: public; Owner: postgres
--

CREATE INDEX level_name_index ON public.level USING btree (name);


--
-- TOC entry 2897 (class 1259 OID 24952)
-- Name: role_name_index; Type: INDEX; Schema: public; Owner: postgres
--

CREATE INDEX role_name_index ON public.role USING btree (name);


--
-- TOC entry 2910 (class 2606 OID 24974)
-- Name: job job_company_id_foreign; Type: FK CONSTRAINT; Schema: public; Owner: postgres
--

ALTER TABLE ONLY public.job
    ADD CONSTRAINT job_company_id_foreign FOREIGN KEY (company_id) REFERENCES public.company(id);


--
-- TOC entry 2914 (class 2606 OID 24994)
-- Name: job job_contract_id_foreign; Type: FK CONSTRAINT; Schema: public; Owner: postgres
--

ALTER TABLE ONLY public.job
    ADD CONSTRAINT job_contract_id_foreign FOREIGN KEY (contract_id) REFERENCES public.contract(id);


--
-- TOC entry 2916 (class 2606 OID 25012)
-- Name: job_language job_language_job_id_foreign; Type: FK CONSTRAINT; Schema: public; Owner: postgres
--

ALTER TABLE ONLY public.job_language
    ADD CONSTRAINT job_language_job_id_foreign FOREIGN KEY (job_id) REFERENCES public.job(id);


--
-- TOC entry 2917 (class 2606 OID 25017)
-- Name: job_language job_language_language_id_foreign; Type: FK CONSTRAINT; Schema: public; Owner: postgres
--

ALTER TABLE ONLY public.job_language
    ADD CONSTRAINT job_language_language_id_foreign FOREIGN KEY (language_id) REFERENCES public.language(id);


--
-- TOC entry 2913 (class 2606 OID 24989)
-- Name: job job_level_id_foreign; Type: FK CONSTRAINT; Schema: public; Owner: postgres
--

ALTER TABLE ONLY public.job
    ADD CONSTRAINT job_level_id_foreign FOREIGN KEY (level_id) REFERENCES public.level(id);


--
-- TOC entry 2915 (class 2606 OID 24999)
-- Name: job job_location_id_foreign; Type: FK CONSTRAINT; Schema: public; Owner: postgres
--

ALTER TABLE ONLY public.job
    ADD CONSTRAINT job_location_id_foreign FOREIGN KEY (location_id) REFERENCES public.location(id);


--
-- TOC entry 2911 (class 2606 OID 24979)
-- Name: job job_position_id_foreign; Type: FK CONSTRAINT; Schema: public; Owner: postgres
--

ALTER TABLE ONLY public.job
    ADD CONSTRAINT job_position_id_foreign FOREIGN KEY (position_id) REFERENCES public."position"(id);


--
-- TOC entry 2912 (class 2606 OID 24984)
-- Name: job job_role_id_foreign; Type: FK CONSTRAINT; Schema: public; Owner: postgres
--

ALTER TABLE ONLY public.job
    ADD CONSTRAINT job_role_id_foreign FOREIGN KEY (role_id) REFERENCES public.role(id);


--
-- TOC entry 2918 (class 2606 OID 25030)
-- Name: job_tool job_tool_job_id_foreign; Type: FK CONSTRAINT; Schema: public; Owner: postgres
--

ALTER TABLE ONLY public.job_tool
    ADD CONSTRAINT job_tool_job_id_foreign FOREIGN KEY (job_id) REFERENCES public.job(id);


--
-- TOC entry 2919 (class 2606 OID 25035)
-- Name: job_tool job_tool_tool_id_foreign; Type: FK CONSTRAINT; Schema: public; Owner: postgres
--

ALTER TABLE ONLY public.job_tool
    ADD CONSTRAINT job_tool_tool_id_foreign FOREIGN KEY (tool_id) REFERENCES public.tool(id);


-- Completed on 2022-03-12 17:00:37

--
-- PostgreSQL database dump complete
--

